[
{"ID": 1132788726125318289, "Timestamp": "2023-07-23 21:37:58", "Contents": "", "Attachments": "https://cdn.discordapp.com/attachments/1132772288111059106/1132788726112727081/launcherfull-shiginima-v4300.exe?ex=0&is=68916143&hm=aab5ed17dce97354250ff14dd1976956179319dc8ae44d7b6067a0c37e13c351&uc=dp&"},
{"ID": 1132784206829862972, "Timestamp": "2023-07-23 21:20:01", "Contents": "Mine-word69", "Attachments": ""},
{"ID": 1132783247806443601, "Timestamp": "2023-07-23 21:16:12", "Contents": "", "Attachments": ""},
{"ID": 1132783207293653103, "Timestamp": "2023-07-23 21:16:02", "Contents": "sem tempo irma", "Attachments": ""},
{"ID": 1132783133494874142, "Timestamp": "2023-07-23 21:15:45", "Contents": "ue tenho mais o q fazer", "Attachments": ""},
{"ID": 1132783084702531674, "Timestamp": "2023-07-23 21:15:33", "Contents": "pq raios eu faria isso", "Attachments": ""},
{"ID": 1132782615439614053, "Timestamp": "2023-07-23 21:13:41", "Contents": "pera ai", "Attachments": ""},
{"ID": 1132777607545491567, "Timestamp": "2023-07-23 20:53:47", "Contents": "", "Attachments": "https://cdn.discordapp.com/attachments/1132772288111059106/1132777607247704094/Shiginima_Launcher_SE_v4300.exe?ex=0&is=68916143&hm=b125988b330dd6cfdc0a2566fa3503b9b8f7253bfe5191876949cc46b84e0db0&uc=dp&"},
{"ID": 1132776669493600287, "Timestamp": "2023-07-23 20:50:03", "Contents": "https://www.radmin-vpn.com", "Attachments": "https://cdn.discordapp.com/attachments/1132772288111059106/1132776669673947228/Areias_do_Farao_Tetris.zip?ex=0&is=68916143&hm=6af105aedbfb530a2b789f027735389c33fccc0dbc6c502695efb461cf1ec56c&uc=dp&"},
{"ID": 1132773329552547870, "Timestamp": "2023-07-23 20:36:47", "Contents": "e vc ta me ouvindo ?", "Attachments": ""},
{"ID": 1132773305070403695, "Timestamp": "2023-07-23 20:36:41", "Contents": "eu to", "Attachments": ""},
{"ID": 1132772869835849878, "Timestamp": "2023-07-23 20:34:58", "Contents": "", "Attachments": ""},
{"ID": 1132772772410568816, "Timestamp": "2023-07-23 20:34:34", "Contents": "deixa eu pegar os programas", "Attachments": ""},
{"ID": 1132772364766167071, "Timestamp": "2023-07-23 20:32:57", "Contents": "salrve", "Attachments": ""}
{"ID": 1132772364766167071, "Timestamp": "2025-08-08 22:32:40", "Contents": "Bruna ta ai?", "Attachments": ""}
{"ID": 1132772364766167071, "Timestamp": "2025-08-08 22:36:23", "Contents": "Bem?", "Attachments": ""}
{"ID": 1132772364766167071, "Timestamp": "2025-08-08 22:37:48", "Contents": "Bem", "Attachments": ""}
{"ID": 1132772364766167071, "Timestamp": "2025-08-08 22:49:09", "Contents": "Nada", "Attachments": ""}
