[
{"ID": 867162588093612049, "Timestamp": "2021-07-20 21:54:32", "Contents": "sabe vc nao tem namorada , pq vc nao tem pc gamer e joga xadres que nao tem atualização des de 450 ac", "Attachments": ""},
{"ID": 867159460342136873, "Timestamp": "2021-07-20 21:42:06", "Contents": "tevao tevroso , caro menino de 4 rodas vc é legal porem nao pode ser meu amigo pq vc usa rodas ao inves de pernas", "Attachments": ""},
{"ID": 851656084598423582, "Timestamp": "2021-06-08 02:57:13", "Contents": "owwnnnt", "Attachments": ""},
{"ID": 799834422102065172, "Timestamp": "2021-01-16 02:56:26", "Contents": "Seguinte 9 cm é comum ss CARALHO", "Attachments": ""},
{"ID": 798872304229548102, "Timestamp": "2021-01-13 11:13:19", "Contents": "Todo dia isso bicho", "Attachments": ""},
{"ID": 796862624016891924, "Timestamp": "2021-01-07 22:07:34", "Contents": "c", "Attachments": "https://cdn.discordapp.com/attachments/703847384651792407/796862623709921370/prova2.pdf?ex=0&is=689161bb&hm=a406ca16d4d353363f061840d64fb2300e6801d16329602120bcd1f470924a12&uc=dp&"},
{"ID": 796828361233661953, "Timestamp": "2021-01-07 19:51:25", "Contents": "don't touch me there this is my no no square", "Attachments": ""},
{"ID": 796828152705712188, "Timestamp": "2021-01-07 19:50:35", "Contents": "mals", "Attachments": ""},
{"ID": 796828127937691678, "Timestamp": "2021-01-07 19:50:30", "Contents": "eu sou especial", "Attachments": ""},
{"ID": 796827986392907806, "Timestamp": "2021-01-07 19:49:56", "Contents": "ahhhhhhh[", "Attachments": ""},
{"ID": 796827976226177046, "Timestamp": "2021-01-07 19:49:53", "Contents": "ahuahuahuahua", "Attachments": ""},
{"ID": 796827848752365589, "Timestamp": "2021-01-07 19:49:23", "Contents": "eu ja tenho a b", "Attachments": ""},
{"ID": 796819756212289566, "Timestamp": "2021-01-07 19:17:14", "Contents": "😦", "Attachments": ""},
{"ID": 796819703309402133, "Timestamp": "2021-01-07 19:17:01", "Contents": "nao", "Attachments": ""},
{"ID": 796819641778700339, "Timestamp": "2021-01-07 19:16:46", "Contents": "da p2", "Attachments": ""},
{"ID": 796819628005261313, "Timestamp": "2021-01-07 19:16:43", "Contents": "eu nao fiz nenhuma logo posso escolher a qual eu quero ?", "Attachments": ""},
{"ID": 796819575608967209, "Timestamp": "2021-01-07 19:16:31", "Contents": "eu tambem", "Attachments": ""},
{"ID": 796819323725283348, "Timestamp": "2021-01-07 19:15:30", "Contents": "preciso de 3 da help", "Attachments": ""},
{"ID": 796819218929942599, "Timestamp": "2021-01-07 19:15:05", "Contents": "YEP", "Attachments": ""},
{"ID": 789538028108513301, "Timestamp": "2020-12-18 17:02:14", "Contents": "Tenta lembrar dos bons tempos com ele", "Attachments": ""},
{"ID": 789537562271547442, "Timestamp": "2020-12-18 17:00:23", "Contents": "Sei se dão tão bem neh", "Attachments": ""},
{"ID": 789516885782953995, "Timestamp": "2020-12-18 15:38:14", "Contents": "ovo mandar hauhauhauhauha", "Attachments": ""},
{"ID": 789516856075223060, "Timestamp": "2020-12-18 15:38:07", "Contents": "da ss", "Attachments": ""},
{"ID": 789503866038517801, "Timestamp": "2020-12-18 14:46:29", "Contents": "library ieee;\nuse ieee.std_logic_1164.all;\nuse ieee.std_logic_unsigned.all;\nuse ieee.numeric_std.all;\n\nENTITY calc IS\n    generic(constant n : natural :=1);\n    PORT( a,b      :  in  std_logic_vector  (3 downto 0);\n            mult :  in  std_logic_vector  (1 downto 0);\n            resposta :  out std_logic_vector  (3 downto 0);\n            c        :  out std_logic    );\nEND calc;\n\nARCHITECTURE cont OF calc IS\n    signal x : std_logic_vector(3 downto 0);\n    signal y : std_logic_vector(4 downto 0);\n\nBEGIN \n    process( a,b,mult)\n        begin\n            case(mult) is\n            when \"10\" => x <= a+b;\n            when \"01\" => x <= a-b;\n            when \"00\" => x <= std_logic_vector(to_unsigned(to_integer(unsigned(a)) * to_integer(unsigned(b)), 4));\n            when \"11\" => x <= std_logic_vector(to_unsigned(to_integer(unsigned(a)) / to_integer(unsigned(b)), 4));\n            end case;\n        end process;\nresposta <= x;\ny        <= ('0' & a) + ('0' & b);\nc        <= y(4);\nend cont;", "Attachments": ""},
{"ID": 789501971794362379, "Timestamp": "2020-12-18 14:38:58", "Contents": "", "Attachments": "https://cdn.discordapp.com/attachments/703847384651792407/789501971584254002/01.JPG?ex=0&is=68916191&hm=3ae218389e9eba4550c5dbe7dbd14450f002e54145e893b17504761c96babb63&uc=dp&"},
{"ID": 789494868698726400, "Timestamp": "2020-12-18 14:10:44", "Contents": "ta fazendo a prova a 10 minutos", "Attachments": "https://cdn.discordapp.com/attachments/703847384651792407/789494868434092072/unknown.png?ex=0&is=68916191&hm=dbbe4dbbd5b30ab80862f8894471d549ac611981c5f750da0236d3aad6b70153&uc=dp&"},
{"ID": 789491528161951774, "Timestamp": "2020-12-18 13:57:28", "Contents": "", "Attachments": "https://cdn.discordapp.com/attachments/703847384651792407/789491527935852584/Subprogramas.pdf?ex=0&is=68916191&hm=6149157064e42b43b91c1823da1767f1ab5c5f82d65dd4b1bc870d62595ab7b3&uc=dp&"},
{"ID": 789477918006444063, "Timestamp": "2020-12-18 13:03:23", "Contents": "top", "Attachments": ""},
{"ID": 787153599955599361, "Timestamp": "2020-12-12 03:07:22", "Contents": "", "Attachments": "https://cdn.discordapp.com/attachments/703847384651792407/787153599981551638/unknown.png?ex=0&is=68916191&hm=871a47b9ac9c662c05bbc89bb10a536e0143dc947b9b28c55fcb38b4c8297912&uc=dp&"},
{"ID": 786825049779994655, "Timestamp": "2020-12-11 05:21:50", "Contents": "", "Attachments": "https://cdn.discordapp.com/attachments/703847384651792407/786825049633456138/apostila_5.rar?ex=0&is=68916191&hm=e1e1772a6ce119c2e46c247757f8f88a677accdfea8792a10cff0020e890924c&uc=dp&"},
{"ID": 786820193858617346, "Timestamp": "2020-12-11 05:02:32", "Contents": "", "Attachments": "https://cdn.discordapp.com/attachments/703847384651792407/786820193543520310/apostila_4.rar?ex=0&is=68916191&hm=44a588077aa96e42d27707dcf60341edde6fab6c033939f956299c09c2bd4bfe&uc=dp&"},
{"ID": 786812751774220288, "Timestamp": "2020-12-11 04:32:58", "Contents": "", "Attachments": "https://cdn.discordapp.com/attachments/703847384651792407/786812750965506078/apostila_3.rar?ex=0&is=68916191&hm=81ebc6edd9d700edb00202bea7481b3db699d162fd410b4bb33e409dc4f3ca32&uc=dp&"},
{"ID": 786805627371913246, "Timestamp": "2020-12-11 04:04:39", "Contents": "", "Attachments": "https://cdn.discordapp.com/attachments/703847384651792407/786805626801881118/unknown.png?ex=0&is=68916191&hm=336135def6bfef981540636eba164778222adb172b912402830c3912999dfcb9&uc=dp&"},
{"ID": 786787817757605908, "Timestamp": "2020-12-11 02:53:53", "Contents": "difusor  f1", "Attachments": ""},
{"ID": 786787709506682920, "Timestamp": "2020-12-11 02:53:27", "Contents": "!skip", "Attachments": ""},
{"ID": 786787219381813308, "Timestamp": "2020-12-11 02:51:30", "Contents": "!skip", "Attachments": ""},
{"ID": 786787059821707275, "Timestamp": "2020-12-11 02:50:52", "Contents": "!skip", "Attachments": ""},
{"ID": 786786965294284881, "Timestamp": "2020-12-11 02:50:30", "Contents": "!play sepultura roots bloods roots", "Attachments": ""},
{"ID": 786773648492199946, "Timestamp": "2020-12-11 01:57:35", "Contents": "! skip", "Attachments": ""},
{"ID": 786773399120642050, "Timestamp": "2020-12-11 01:56:35", "Contents": "!stop", "Attachments": ""},
{"ID": 786765429346664468, "Timestamp": "2020-12-11 01:24:55", "Contents": "oh veio", "Attachments": ""},
{"ID": 786762056757018655, "Timestamp": "2020-12-11 01:11:31", "Contents": "mano eu sou o pikachu com acido", "Attachments": ""},
{"ID": 786761889241235486, "Timestamp": "2020-12-11 01:10:51", "Contents": "salve galerinha do youtube e professor", "Attachments": ""},
{"ID": 786761786367279125, "Timestamp": "2020-12-11 01:10:27", "Contents": "a vinheta do canal", "Attachments": ""},
{"ID": 786761482632429568, "Timestamp": "2020-12-11 01:09:14", "Contents": "sei de nada nao bicho", "Attachments": ""},
{"ID": 786761448932114444, "Timestamp": "2020-12-11 01:09:06", "Contents": "hauhauhauhauhauhauhauahuahuahua", "Attachments": ""},
{"ID": 786761227485315112, "Timestamp": "2020-12-11 01:08:13", "Contents": "so os famosinhos da noite", "Attachments": ""},
{"ID": 786761036526780417, "Timestamp": "2020-12-11 01:07:28", "Contents": "corto o cabelo ?", "Attachments": ""},
{"ID": 786761009725046785, "Timestamp": "2020-12-11 01:07:22", "Contents": "juliano quantos seculos", "Attachments": ""},
{"ID": 786760937038151701, "Timestamp": "2020-12-11 01:07:04", "Contents": "boa noite", "Attachments": ""},
{"ID": 775866974693359626, "Timestamp": "2020-11-10 23:38:21", "Contents": "", "Attachments": "https://cdn.discordapp.com/attachments/703847384651792407/775866974122278962/Capturar.PNG?ex=0&is=689161aa&hm=c90959dbdb9f9233ce92fef64f6c167edd74cd28a283cb5ca56b7c89f59d55ae&uc=dp&"},
{"ID": 774485165661356053, "Timestamp": "2020-11-07 04:07:32", "Contents": "fds", "Attachments": ""},
{"ID": 771075306463035412, "Timestamp": "2020-10-28 18:17:58", "Contents": "man", "Attachments": ""},
{"ID": 770892099260383232, "Timestamp": "2020-10-28 06:09:58", "Contents": "pera ai", "Attachments": ""},
{"ID": 770892043496718348, "Timestamp": "2020-10-28 06:09:45", "Contents": "esquici vc", "Attachments": ""},
{"ID": 770881181557981195, "Timestamp": "2020-10-28 05:26:35", "Contents": "calado", "Attachments": ""},
{"ID": 770880782025228298, "Timestamp": "2020-10-28 05:25:00", "Contents": "calaso4", "Attachments": ""},
{"ID": 770874772317405194, "Timestamp": "2020-10-28 05:01:07", "Contents": "huhuh", "Attachments": ""},
{"ID": 770874456829591562, "Timestamp": "2020-10-28 04:59:52", "Contents": "calado", "Attachments": ""},
{"ID": 770870631331659796, "Timestamp": "2020-10-28 04:44:40", "Contents": "calado", "Attachments": ""},
{"ID": 770863362959212585, "Timestamp": "2020-10-28 04:15:47", "Contents": "fernanda_.moura", "Attachments": ""},
{"ID": 768848476896755742, "Timestamp": "2020-10-22 14:49:21", "Contents": "ou talvez isso seja a queda de um paraquedas", "Attachments": ""},
{"ID": 768265688656904253, "Timestamp": "2020-10-21 00:13:33", "Contents": "UNMYHF", "Attachments": ""},
{"ID": 768263637579071498, "Timestamp": "2020-10-21 00:05:24", "Contents": "TXPYZF", "Attachments": ""},
{"ID": 761840374003400704, "Timestamp": "2020-10-03 06:41:39", "Contents": "", "Attachments": "https://cdn.discordapp.com/attachments/703847384651792407/761840373546614784/istockphoto-146772654-1024x1024.jpg?ex=0&is=68916184&hm=1644ab004c09433f386c6ddfdd793c652f7cccb3b407ee4416a33465c54ee89b&uc=dp&"},
{"ID": 761800904957493300, "Timestamp": "2020-10-03 04:04:49", "Contents": "!play https://www.youtube.com/watch?v=NrmPehlHK3w&ab_channel=supervoff", "Attachments": ""},
{"ID": 761785755642495006, "Timestamp": "2020-10-03 03:04:37", "Contents": "ADJNXQ", "Attachments": ""},
{"ID": 761784521691234316, "Timestamp": "2020-10-03 02:59:43", "Contents": "", "Attachments": "https://cdn.discordapp.com/attachments/703847384651792407/761784521825058877/unknown.png?ex=0&is=68916184&hm=2e530bd4b2560a8ba786d3ba5944d44b10701ba8468bfdc9a535a82f3a07a6be&uc=dp&"},
{"ID": 761782267277738025, "Timestamp": "2020-10-03 02:50:45", "Contents": "https://www.youtube.com/watch?v=KQHHqq3izgI", "Attachments": ""},
{"ID": 761779704293490709, "Timestamp": "2020-10-03 02:40:34", "Contents": "!skip", "Attachments": ""},
{"ID": 761779663378317403, "Timestamp": "2020-10-03 02:40:24", "Contents": "!stop", "Attachments": ""},
{"ID": 761779304823914506, "Timestamp": "2020-10-03 02:38:59", "Contents": "!play https://www.youtube.com/watch?v=Y45oADjAAuQ&ab_channel=SystemOfADown-Topic", "Attachments": ""},
{"ID": 761777037715046470, "Timestamp": "2020-10-03 02:29:58", "Contents": "to aqui fdp", "Attachments": ""},
{"ID": 761763017712074753, "Timestamp": "2020-10-03 01:34:16", "Contents": "pera ai", "Attachments": ""},
{"ID": 761762980995661826, "Timestamp": "2020-10-03 01:34:07", "Contents": "no teste", "Attachments": ""},
{"ID": 761762954038870026, "Timestamp": "2020-10-03 01:34:01", "Contents": "n da saida", "Attachments": ""},
{"ID": 761762943221891072, "Timestamp": "2020-10-03 01:33:58", "Contents": "ta certo", "Attachments": ""},
{"ID": 761762799894003713, "Timestamp": "2020-10-03 01:33:24", "Contents": "ss", "Attachments": ""},
{"ID": 761762791802667008, "Timestamp": "2020-10-03 01:33:22", "Contents": "carai", "Attachments": ""},
{"ID": 761762751940788225, "Timestamp": "2020-10-03 01:33:12", "Contents": "esta me ouvindo ?", "Attachments": ""},
{"ID": 759073174687449118, "Timestamp": "2020-09-25 15:25:47", "Contents": "!play https://www.youtube.com/watch?v=gJLIiF15wjQ", "Attachments": ""},
{"ID": 759072367812149269, "Timestamp": "2020-09-25 15:22:35", "Contents": "!play https://www.youtube.com/watch?v=hqbS7O9qIXE", "Attachments": ""},
{"ID": 759062342587121665, "Timestamp": "2020-09-25 14:42:45", "Contents": "https://www.facebook.com/watch/?v=2372531699721212&extid=bCt2Xjy0XoDT8CiN", "Attachments": ""},
{"ID": 759062082330296350, "Timestamp": "2020-09-25 14:41:43", "Contents": "", "Attachments": "https://cdn.discordapp.com/attachments/703847384651792407/759062081877049344/unnamed.jpg?ex=0&is=689161b7&hm=aceee91cf68f3f61c808295d6062c77850f1723fc15588f6adad84e7845db430&uc=dp&"},
{"ID": 745136509077684276, "Timestamp": "2020-08-18 04:26:27", "Contents": "http://lattes.cnpq.br/7468116484679140", "Attachments": ""},
{"ID": 745136355855695873, "Timestamp": "2020-08-18 04:25:51", "Contents": "https://wwws.cnpq.br/cvlattesweb/PKG_MENU.menu?f_cod=10B4393CCFF36705A055BF00E62072FE#", "Attachments": ""},
{"ID": 745104695604805664, "Timestamp": "2020-08-18 02:20:02", "Contents": "https://www.youtube.com/watch?v=a4EmOUaXL1I", "Attachments": ""},
{"ID": 745103385287458856, "Timestamp": "2020-08-18 02:14:50", "Contents": "https://www.youtube.com/watch?v=Ia8v4CLM4wQ&feature=emb_title", "Attachments": ""},
{"ID": 745095524729749514, "Timestamp": "2020-08-18 01:43:36", "Contents": "https://referenciabibliografica.net/a/pt-br/ref/abnt", "Attachments": ""},
{"ID": 745084326563282996, "Timestamp": "2020-08-18 00:59:06", "Contents": "blz", "Attachments": ""},
{"ID": 745063917448986684, "Timestamp": "2020-08-17 23:38:00", "Contents": "chorei", "Attachments": ""},
{"ID": 745063303264469002, "Timestamp": "2020-08-17 23:35:34", "Contents": "?", "Attachments": ""},
{"ID": 745063292107489360, "Timestamp": "2020-08-17 23:35:31", "Contents": "paulao se faz cachaça", "Attachments": ""},
{"ID": 745063161622822963, "Timestamp": "2020-08-17 23:35:00", "Contents": "mata ele", "Attachments": ""},
{"ID": 745063118438268951, "Timestamp": "2020-08-17 23:34:50", "Contents": "pao de porvio", "Attachments": ""},
{"ID": 745062426206273596, "Timestamp": "2020-08-17 23:32:04", "Contents": "o que eu faço", "Attachments": ""},
{"ID": 745057084734832761, "Timestamp": "2020-08-17 23:10:51", "Contents": "mas troca tudo por letra", "Attachments": ""},
{"ID": 745057029474746455, "Timestamp": "2020-08-17 23:10:38", "Contents": "pode", "Attachments": ""},
{"ID": 745052156935143485, "Timestamp": "2020-08-17 22:51:16", "Contents": "", "Attachments": ""},
{"ID": 742394627327393792, "Timestamp": "2020-08-10 14:51:12", "Contents": "oh man", "Attachments": ""},
{"ID": 739645465712132176, "Timestamp": "2020-08-03 00:47:00", "Contents": "", "Attachments": "https://cdn.discordapp.com/attachments/703847384651792407/739645465582370938/porta-not-transistor-tabela-verdade-esquema.jpg?ex=0&is=689161a5&hm=b25ee179c51505ac433a991b4dbd4e90058f53fea1aa1301688bf98a2e2d524a&uc=dp&"},
{"ID": 739645411488169984, "Timestamp": "2020-08-03 00:46:48", "Contents": "", "Attachments": "https://cdn.discordapp.com/attachments/703847384651792407/739645411354214430/porta-and-transistor-tabela-verdade-esquema.jpg?ex=0&is=689161a5&hm=92ef155e832b0f4dcc403d091c43bd0b54cba0ae5570eead2fd93c93cb63e1a2&uc=dp&"},
{"ID": 739645243858878564, "Timestamp": "2020-08-03 00:46:08", "Contents": "", "Attachments": "https://cdn.discordapp.com/attachments/703847384651792407/739645243464351784/porta-or-transistor-tabela-verdade-esquema.jpg?ex=0&is=689161a5&hm=8c626709fc542ffc6c1afbb9dc986afc27bf61d0e844170e5e054871373d1343&uc=dp&"},
{"ID": 739635920176808078, "Timestamp": "2020-08-03 00:09:05", "Contents": "", "Attachments": "https://cdn.discordapp.com/attachments/703847384651792407/739635918935425165/1_KpbCCf066LjCGB5qUPGtSA.png?ex=0&is=689161a5&hm=292fbc34d51402daa2e94437356205c41c86403cdc5747bf4e2ff0d9d2ef63e2&uc=dp&"},
{"ID": 739625970322898965, "Timestamp": "2020-08-02 23:29:32", "Contents": "", "Attachments": "https://cdn.discordapp.com/attachments/703847384651792407/739625970503385239/PORTAS_LOGICAS.asc?ex=0&is=689161a5&hm=64a507406f229dee4b2703eb105ccfba0b7a86102dc73d80266cb9e9ef14f1e4&uc=dp&"},
{"ID": 733505359989178438, "Timestamp": "2020-07-17 02:08:25", "Contents": "https://www.youtube.com/watch?v=vY-eBgPN0gQ", "Attachments": ""},
{"ID": 733480380681945120, "Timestamp": "2020-07-17 00:29:10", "Contents": "to aqui", "Attachments": ""}
]"ID": 733480380681945120, "Timestamp": "2020-07-17 00:29:10", "Contents": "to aqui", "Attachments": ""}
