[
{"ID": 1007032129982578709, "Timestamp": "2022-08-10 21:06:09", "Contents": "ah se quiser a gente altera a historia do jogo paras as crianças", "Attachments": ""},
{"ID": 1007030935142797342, "Timestamp": "2022-08-10 21:01:24", "Contents": "https://www.tinkercad.com/things/kSqeupbPNRj-the-vacilvania/editel?sharecode=Y4xJuZaAcv-DAduXjNEYoglOtAANr0Pe2yxPNG0X0xQ", "Attachments": ""},
{"ID": 1007029411041792130, "Timestamp": "2022-08-10 20:55:21", "Contents": "https://www.tinkercad.com/things/4BSzq6TwdkL-surprising-leelo-curcan/editel?sharecode=jdb-NBmuknkoIbcM-KrFrDyIqf1N7gCPKJoUmA0YSx0", "Attachments": ""},
{"ID": 1007009538626551918, "Timestamp": "2022-08-10 19:36:23", "Contents": "", "Attachments": ""},
{"ID": 990423172950134855, "Timestamp": "2022-06-26 01:08:05", "Contents": "", "Attachments": ""},
{"ID": 985247175372066829, "Timestamp": "2022-06-11 18:20:31", "Contents": "https://docs.google.com/document/d/10sB9eR1KDlDMI5DQ60GJPzrVSKWjG2eZTktot-oMd3s/edit?usp=sharing", "Attachments": ""},
{"ID": 985233488540237844, "Timestamp": "2022-06-11 17:26:08", "Contents": "", "Attachments": ""},
{"ID": 984941212953890856, "Timestamp": "2022-06-10 22:04:44", "Contents": "", "Attachments": ""},
{"ID": 962838693809381386, "Timestamp": "2022-04-10 22:17:13", "Contents": "", "Attachments": ""},
{"ID": 962838571658645605, "Timestamp": "2022-04-10 22:16:44", "Contents": "bom diaaaa", "Attachments": ""}
]