[
{"ID": 796816811751505991, "Timestamp": "2021-01-07 19:05:32", "Contents": "", "Attachments": "https://cdn.discordapp.com/attachments/707097285607292958/796816811878121542/prova_2_2S_2020.pdf?ex=0&is=68916151&hm=175caad999adb78801bda147e18980845815ead7aba1e4823fd604334c28a8ba&uc=dp&"},
{"ID": 794041682021842974, "Timestamp": "2020-12-31 03:18:09", "Contents": "!play https://youtu.be/oG5lCIMhG-c", "Attachments": ""},
{"ID": 791378495686443027, "Timestamp": "2020-12-23 18:55:36", "Contents": "000 - sensor A1  A2 distancia menor 1.5", "Attachments": ""},
{"ID": 791375967066914827, "Timestamp": "2020-12-23 18:45:33", "Contents": "https://www.sparkfun.com/datasheets/Components/LED/YSL-R547P4C-E3.pdf", "Attachments": ""}
]