[
{"ID": 975075698144342066, "Timestamp": "2022-05-14 16:42:42", "Contents": "troca a foto man", "Attachments": ""},
{"ID": 975075536009326592, "Timestamp": "2022-05-14 16:42:03", "Contents": "to esperando ele faz", "Attachments": ""},
{"ID": 975075486684315658, "Timestamp": "2022-05-14 16:41:52", "Contents": "é o herick q faz isso", "Attachments": ""},
{"ID": 975074749464055889, "Timestamp": "2022-05-14 16:38:56", "Contents": "pera ai", "Attachments": ""},
{"ID": 975074719541899344, "Timestamp": "2022-05-14 16:38:49", "Contents": "vamos colocar", "Attachments": ""},
{"ID": 975074158616670338, "Timestamp": "2022-05-14 16:36:35", "Contents": "oi", "Attachments": ""},
{"ID": 911748027679649835, "Timestamp": "2021-11-20 22:41:09", "Contents": "", "Attachments": ""},
{"ID": 861716583817543730, "Timestamp": "2021-07-05 21:14:03", "Contents": "", "Attachments": ""},
{"ID": 861710374222168145, "Timestamp": "2021-07-05 20:49:23", "Contents": "analogWrite", "Attachments": ""},
{"ID": 861709835070341130, "Timestamp": "2021-07-05 20:47:14", "Contents": "analogWrited", "Attachments": ""},
{"ID": 861707570637045770, "Timestamp": "2021-07-05 20:38:14", "Contents": "valorLuz = analogRead(pinoSensorLuz);", "Attachments": ""},
{"ID": 861707308912476180, "Timestamp": "2021-07-05 20:37:12", "Contents": "if(valorLuz<932){                \n    digitalWrite(backlight,HIGH);//DIA\n  }\n  else{                    \n    digitalWrite(backlight,LOW);//NOITE\n  }", "Attachments": ""},
{"ID": 861704645030576188, "Timestamp": "2021-07-05 20:26:37", "Contents": "delayMicroseconds()", "Attachments": ""},
{"ID": 861704617393520661, "Timestamp": "2021-07-05 20:26:30", "Contents": "if(dist > 3){\n    for (int i = 0; i < 255; i++){\n     analogWrite(led0, i); \n     analogWrite(led1, i);\n     analogWrite(led2, i);\n     analogWrite(led3, i);\n     analogWrite(led4, i); \n     delay(50);\n    }", "Attachments": ""},
{"ID": 861689498210795541, "Timestamp": "2021-07-05 19:26:25", "Contents": "", "Attachments": "https://cdn.discordapp.com/attachments/775892064612515840/861689498081820732/cir0495_01.gif?ex=0&is=689161e6&hm=e457f6a26f7b273d2a6ee61cf3ff7935829d3af781a297d9aaeaa7c3f620d7bb&uc=dp&"},
{"ID": 861685865146613773, "Timestamp": "2021-07-05 19:11:59", "Contents": "buttonState = digitalRead(buttonPin);", "Attachments": ""},
{"ID": 861302575873392670, "Timestamp": "2021-07-04 17:48:56", "Contents": "http://www.squids.com.br/arduino/index.php/projetos-arduino/projetos-squids/basico/186-projeto-49-relogio-digital-arduino-lcd-com-o-modulo-i2c", "Attachments": ""},
{"ID": 861302056589197342, "Timestamp": "2021-07-04 17:46:52", "Contents": "string", "Attachments": ""},
{"ID": 861293715100270613, "Timestamp": "2021-07-04 17:13:43", "Contents": "lcd.clear();", "Attachments": ""},
{"ID": 860522144672907287, "Timestamp": "2021-07-02 14:07:47", "Contents": "ii", "Attachments": "https://cdn.discordapp.com/attachments/775892064612515840/860522144046907392/prova_3.pdf?ex=0&is=689161e6&hm=e8296db3e111a77abcea357f968019dc2bcb71eabf0c9acd5065f528166d04b8&uc=dp&"},
{"ID": 860489126935527434, "Timestamp": "2021-07-02 11:56:34", "Contents": "", "Attachments": ""},
{"ID": 860249029240684566, "Timestamp": "2021-07-01 20:02:31", "Contents": "de garota", "Attachments": ""},
{"ID": 860249008794632232, "Timestamp": "2021-07-01 20:02:26", "Contents": "vulva", "Attachments": ""},
{"ID": 860248997771476993, "Timestamp": "2021-07-01 20:02:23", "Contents": "nao", "Attachments": ""},
{"ID": 860248965387124767, "Timestamp": "2021-07-01 20:02:16", "Contents": "o que é vulva ?", "Attachments": ""},
{"ID": 860248893995089971, "Timestamp": "2021-07-01 20:01:58", "Contents": "o que é clitores ?", "Attachments": ""},
{"ID": 860223987697844245, "Timestamp": "2021-07-01 18:23:00", "Contents": "", "Attachments": ""},
{"ID": 795804969282174977, "Timestamp": "2021-01-05 00:04:50", "Contents": "man", "Attachments": ""},
{"ID": 777256430692335626, "Timestamp": "2020-11-14 19:39:33", "Contents": "oiii", "Attachments": ""}
]