[
{"ID": 1170844728191881276, "Timestamp": "2023-11-05 21:58:56", "Contents": "sempre q a case enconstava na memoria bugava tudo", "Attachments": ""},
{"ID": 1170844627822198805, "Timestamp": "2023-11-05 21:58:32", "Contents": "era mal contato", "Attachments": ""},
{"ID": 1170844585300332715, "Timestamp": "2023-11-05 21:58:22", "Contents": "memmori ram", "Attachments": ""},
{"ID": 1170844553427832832, "Timestamp": "2023-11-05 21:58:14", "Contents": "descobri o que era", "Attachments": ""},
{"ID": 1170151660832706710, "Timestamp": "2023-11-04 00:04:56", "Contents": "", "Attachments": ""},
{"ID": 1170149457644507267, "Timestamp": "2023-11-03 23:56:11", "Contents": "", "Attachments": ""},
{"ID": 1133534869490782260, "Timestamp": "2023-07-25 23:02:52", "Contents": "", "Attachments": ""},
{"ID": 1133530953147482203, "Timestamp": "2023-07-25 22:47:19", "Contents": "", "Attachments": ""},
{"ID": 1133523899506761758, "Timestamp": "2023-07-25 22:19:17", "Contents": "", "Attachments": ""},
{"ID": 1132799620133683350, "Timestamp": "2023-07-23 22:21:15", "Contents": "https://docs.google.com/forms/d/1alyINRUavk7xJlo8mKUoiQDY0qRO7QiNi3Nh2S3HJfQ/edit?ts=64a819f0#response=ACYDBNjMetXImVKbryWsaMZMhOvWGBBWlKVzSNq447cdQnV6QQ2h7i1vo2sduJmLWw", "Attachments": ""},
{"ID": 1132797495928430625, "Timestamp": "2023-07-23 22:12:49", "Contents": "", "Attachments": ""},
{"ID": 1000482692665712731, "Timestamp": "2022-07-23 19:21:02", "Contents": "", "Attachments": ""},
{"ID": 994024617540862052, "Timestamp": "2022-07-05 23:38:56", "Contents": "", "Attachments": ""},
{"ID": 990045819220668498, "Timestamp": "2022-06-25 00:08:37", "Contents": "", "Attachments": ""},
{"ID": 971882811827048528, "Timestamp": "2022-05-05 21:15:19", "Contents": "murilo- quinta", "Attachments": ""},
{"ID": 971460383267250226, "Timestamp": "2022-05-04 17:16:44", "Contents": "https://docs.google.com/forms/d/1nzG59S91hortwSzETm0pKruTofWPnbDbk3PlUdmbgS4/edit", "Attachments": ""},
{"ID": 971459842994757802, "Timestamp": "2022-05-04 17:14:35", "Contents": "https://docs.google.com/forms/d/1qb8DSujG1C33rNWuchxUu0mpPDqH1NAyLCObb3pLudc/edit#question=893814064&field=1964755760", "Attachments": ""},
{"ID": 961414728557678605, "Timestamp": "2022-04-06 23:58:53", "Contents": "", "Attachments": ""},
{"ID": 954934025607327754, "Timestamp": "2022-03-20 02:46:53", "Contents": "", "Attachments": ""},
{"ID": 951985963003957298, "Timestamp": "2022-03-11 23:32:20", "Contents": "", "Attachments": ""},
{"ID": 946823270144016474, "Timestamp": "2022-02-25 17:37:38", "Contents": "", "Attachments": "https://cdn.discordapp.com/attachments/706649657484378113/946823269863014450/install_creo8_unistudent_standard.pdf?ex=0&is=689161c1&hm=89b0f65d28b5496f25af772624d97caf6a909fef3998bdd3600c81c6ad56ef48&uc=dp&"},
{"ID": 946823083380056155, "Timestamp": "2022-02-25 17:36:54", "Contents": "https://www.ptc.com/en/products/education/free-software/creo-college-download", "Attachments": ""},
{"ID": 946822783902576680, "Timestamp": "2022-02-25 17:35:42", "Contents": "Boa Tarde Professores,\n\nMe chamo Thiago e sou aluno de telecom, e estou no projeto que visa construir o  Fórmula 1600, e como o começo da aula está chegando gostaríamos de fazer um processo seletivo para o projeto, porém gostaríamos de dar um curso de mecânica básica para os alunos que entrarem no projeto tenham um base para começar.\nCom isso o", "Attachments": ""},
{"ID": 946820990703374426, "Timestamp": "2022-02-25 17:28:35", "Contents": "", "Attachments": ""},
{"ID": 945454206679130122, "Timestamp": "2022-02-21 22:57:28", "Contents": "", "Attachments": ""},
{"ID": 945172018528125008, "Timestamp": "2022-02-21 04:16:09", "Contents": "", "Attachments": ""},
{"ID": 945169267479949323, "Timestamp": "2022-02-21 04:05:13", "Contents": "gay", "Attachments": ""},
{"ID": 945168579148525639, "Timestamp": "2022-02-21 04:02:29", "Contents": "", "Attachments": ""},
{"ID": 944750971253321738, "Timestamp": "2022-02-20 00:23:04", "Contents": "ta on?", "Attachments": ""},
{"ID": 943568846965587999, "Timestamp": "2022-02-16 18:05:43", "Contents": "", "Attachments": ""},
{"ID": 943262384372461608, "Timestamp": "2022-02-15 21:47:57", "Contents": "", "Attachments": ""},
{"ID": 942200708080484353, "Timestamp": "2022-02-12 23:29:14", "Contents": "https://www.sassiimoveis.com.br/imovel-aluguel/3159/kitinet-cidade-universitaria", "Attachments": ""},
{"ID": 942187299389706271, "Timestamp": "2022-02-12 22:35:57", "Contents": "", "Attachments": ""},
{"ID": 940079457564246058, "Timestamp": "2022-02-07 03:00:08", "Contents": "bora lolzinho e dps sacrificar o cu ?", "Attachments": ""},
{"ID": 938276006710607883, "Timestamp": "2022-02-02 03:33:52", "Contents": "https://www.youtube.com/watch?v=RaVsqOqX7jU&ab_channel=rogerioskylab", "Attachments": ""},
{"ID": 938258274283831366, "Timestamp": "2022-02-02 02:23:24", "Contents": "ta", "Attachments": ""},
{"ID": 938258171686948914, "Timestamp": "2022-02-02 02:23:00", "Contents": "bora", "Attachments": ""},
{"ID": 938252615622475857, "Timestamp": "2022-02-02 02:00:55", "Contents": "vamos minerar ?", "Attachments": ""},
{"ID": 937904687657672704, "Timestamp": "2022-02-01 02:58:22", "Contents": "pera q deu erro", "Attachments": ""},
{"ID": 937904538940239872, "Timestamp": "2022-02-01 02:57:47", "Contents": "", "Attachments": ""},
{"ID": 933759630658633730, "Timestamp": "2022-01-20 16:27:24", "Contents": "", "Attachments": ""},
{"ID": 932336884225556500, "Timestamp": "2022-01-16 18:13:55", "Contents": "", "Attachments": ""},
{"ID": 931399019056472064, "Timestamp": "2022-01-14 04:07:10", "Contents": "mas esse site bugo", "Attachments": ""},
{"ID": 931398997317390406, "Timestamp": "2022-01-14 04:07:05", "Contents": "formula e é so eletrico", "Attachments": ""},
{"ID": 931398958905978891, "Timestamp": "2022-01-14 04:06:56", "Contents": "nao", "Attachments": ""},
{"ID": 931398795667861504, "Timestamp": "2022-01-14 04:06:17", "Contents": "wtf", "Attachments": "https://cdn.discordapp.com/attachments/706649657484378113/931398795453939742/unknown.png?ex=0&is=689161c5&hm=875d413c92d2a4360a4dc74690492675e1267ced1ff981def3ad3fbe25a427e8&uc=dp&"},
{"ID": 931304823322730517, "Timestamp": "2022-01-13 21:52:52", "Contents": "", "Attachments": ""},
{"ID": 925143900543397958, "Timestamp": "2021-12-27 21:51:34", "Contents": "", "Attachments": ""},
{"ID": 925136049573875863, "Timestamp": "2021-12-27 21:20:22", "Contents": "Dão", "Attachments": ""},
{"ID": 925136011275673610, "Timestamp": "2021-12-27 21:20:13", "Contents": "", "Attachments": ""},
{"ID": 925135613747937360, "Timestamp": "2021-12-27 21:18:38", "Contents": "", "Attachments": ""},
{"ID": 921123087087448084, "Timestamp": "2021-12-16 19:34:17", "Contents": "", "Attachments": ""},
{"ID": 920721030769705030, "Timestamp": "2021-12-15 16:56:39", "Contents": "", "Attachments": ""},
{"ID": 920713579915804723, "Timestamp": "2021-12-15 16:27:03", "Contents": "", "Attachments": "https://cdn.discordapp.com/attachments/706649657484378113/920713578280022026/Activity.pdf?ex=0&is=689161fe&hm=bc46ccd2f82c831c4a6a3ac687296203103248320d10715e2e958ff45056bb2a&uc=dp& https://cdn.discordapp.com/attachments/706649657484378113/920713578602958889/Layout.pdf?ex=0&is=689161fe&hm=6ea9b1cb279811bc02c7abc64cb44160a615ecb3deb6de135c8f8e5eda88810a&uc=dp& https://cdn.discordapp.com/attachments/706649657484378113/920713578921730110/intents.pdf?ex=0&is=689161fe&hm=04dd5061b1e8ad631e6bb4ca2cfb2237a5bc90ba3fbddb37348e03bcb7910680&uc=dp& https://cdn.discordapp.com/attachments/706649657484378113/920713579227918346/FeedApp.pdf?ex=0&is=689161fe&hm=5bc3865eae9e8e44887b7325969b32cd521c9b23281b9048afb2afbf30910219&uc=dp& https://cdn.discordapp.com/attachments/706649657484378113/920713579597004851/aula_1.pdf?ex=0&is=689161fe&hm=0ffc7e2c259ccd26de0da88b5a2912b592de003fa3a4c6abe5b66f393192a59a&uc=dp&"},
{"ID": 918603444145766430, "Timestamp": "2021-12-09 20:42:07", "Contents": "blz", "Attachments": ""},
{"ID": 918603369336156170, "Timestamp": "2021-12-09 20:41:50", "Contents": "to na delegacia", "Attachments": ""},
{"ID": 918603346842095626, "Timestamp": "2021-12-09 20:41:44", "Contents": "ss", "Attachments": ""},
{"ID": 918603335840452608, "Timestamp": "2021-12-09 20:41:42", "Contents": "to", "Attachments": ""},
{"ID": 918603327363756063, "Timestamp": "2021-12-09 20:41:40", "Contents": "Bandeira da holanda ahuahuahuahauhaa", "Attachments": ""},
{"ID": 918602042589736990, "Timestamp": "2021-12-09 20:36:33", "Contents": "solta um f1 pra mim e um estilete", "Attachments": ""},
{"ID": 918599199367503883, "Timestamp": "2021-12-09 20:25:15", "Contents": "tem senha o teamspeak", "Attachments": ""},
{"ID": 918598559341875271, "Timestamp": "2021-12-09 20:22:43", "Contents": "man?", "Attachments": ""},
{"ID": 918550531109187644, "Timestamp": "2021-12-09 17:11:52", "Contents": "To on", "Attachments": ""},
{"ID": 918548190427512864, "Timestamp": "2021-12-09 17:02:34", "Contents": "pera ai", "Attachments": ""},
{"ID": 918548119686373486, "Timestamp": "2021-12-09 17:02:17", "Contents": "meu discord ta uma bosta", "Attachments": ""},
{"ID": 918547957937209406, "Timestamp": "2021-12-09 17:01:38", "Contents": "", "Attachments": ""},
{"ID": 918248925289390090, "Timestamp": "2021-12-08 21:13:24", "Contents": "pensava q era facul", "Attachments": ""},
{"ID": 918248638138949694, "Timestamp": "2021-12-08 21:12:15", "Contents": "quer um help ?", "Attachments": ""},
{"ID": 918248421188567050, "Timestamp": "2021-12-08 21:11:23", "Contents": "man ta on?", "Attachments": ""},
{"ID": 917852988876410980, "Timestamp": "2021-12-07 19:00:05", "Contents": "ahhhhhhhhhhh", "Attachments": ""},
{"ID": 917852313530560552, "Timestamp": "2021-12-07 18:57:24", "Contents": "", "Attachments": ""},
{"ID": 917852293473394709, "Timestamp": "2021-12-07 18:57:19", "Contents": "", "Attachments": ""},
{"ID": 913573929191342100, "Timestamp": "2021-11-25 23:36:38", "Contents": "Brabo", "Attachments": ""},
{"ID": 913569300227428353, "Timestamp": "2021-11-25 23:18:14", "Contents": "Top", "Attachments": ""},
{"ID": 913567364086386698, "Timestamp": "2021-11-25 23:10:32", "Contents": "Hm", "Attachments": ""},
{"ID": 913500169998327808, "Timestamp": "2021-11-25 18:43:32", "Contents": "", "Attachments": ""},
{"ID": 913167672676610059, "Timestamp": "2021-11-24 20:42:19", "Contents": "auhauhauha", "Attachments": ""},
{"ID": 913156437226688553, "Timestamp": "2021-11-24 19:57:40", "Contents": "https://sso.acesso.gov.br/login?client_id=assinador.iti.br&authorization_id=17d5382f51e", "Attachments": ""},
{"ID": 913156032119840768, "Timestamp": "2021-11-24 19:56:03", "Contents": "", "Attachments": ""},
{"ID": 912909825057390652, "Timestamp": "2021-11-24 03:37:43", "Contents": "https://www.youtube.com/watch?v=3igCYqE8hYw&ab_channel=SHITPOSTSUNOFICIAL", "Attachments": ""},
{"ID": 912905809720143882, "Timestamp": "2021-11-24 03:21:46", "Contents": "", "Attachments": ""},
{"ID": 912831973595164733, "Timestamp": "2021-11-23 22:28:22", "Contents": "https://www.tinkercad.com/things/0VWB7g7zQbf-edo-/editel?sharecode=YGlczltyVYk5Bga_Nt67lJf_OFSSc7IjhDMV0EWbbME", "Attachments": ""},
{"ID": 912830180882542602, "Timestamp": "2021-11-23 22:21:14", "Contents": "", "Attachments": ""},
{"ID": 911336797160759326, "Timestamp": "2021-11-19 19:27:04", "Contents": "elainebo@unicamp.br", "Attachments": ""},
{"ID": 911336315218440264, "Timestamp": "2021-11-19 19:25:09", "Contents": "Juntar o respectivo documento ao processo 37.P.33625/2021", "Attachments": ""},
{"ID": 911333344904630272, "Timestamp": "2021-11-19 19:13:21", "Contents": "Instrução Normativa DGA 101/2021", "Attachments": "https://cdn.discordapp.com/attachments/706649657484378113/911333344648761354/unnamed.png?ex=0&is=689161d8&hm=f40b8d09b16a0977dce7dd5d2ea044a02010c3c9fbda2ad9186081100c66204c&uc=dp&"},
{"ID": 911328743837036554, "Timestamp": "2021-11-19 18:55:04", "Contents": "", "Attachments": ""},
{"ID": 910664729805082664, "Timestamp": "2021-11-17 22:56:30", "Contents": "```\natenção atenção\né o carro da rua passando no seu OVO\n```", "Attachments": ""},
{"ID": 910664593192390737, "Timestamp": "2021-11-17 22:55:58", "Contents": "atenção atenção\né o carro da rua passando no seu OVO``````", "Attachments": ""},
{"ID": 910656397761478666, "Timestamp": "2021-11-17 22:23:24", "Contents": "", "Attachments": ""},
{"ID": 906231102635638894, "Timestamp": "2021-11-05 17:18:51", "Contents": "", "Attachments": ""},
{"ID": 904857204669173791, "Timestamp": "2021-11-01 22:19:29", "Contents": "", "Attachments": ""},
{"ID": 895282108422033438, "Timestamp": "2021-10-06 12:11:28", "Contents": "", "Attachments": ""},
{"ID": 885315884971860018, "Timestamp": "2021-09-09 00:09:15", "Contents": "https://www.youtube.com/watch?v=6BOHpjIZyx0&ab_channel=RoadrunnerRecords", "Attachments": ""},
{"ID": 885308017426464770, "Timestamp": "2021-09-08 23:37:59", "Contents": "https://www.youtube.com/watch?v=QkF3oxziUI4&ab_channel=LedZeppelin", "Attachments": ""},
{"ID": 885296223878250567, "Timestamp": "2021-09-08 22:51:07", "Contents": "", "Attachments": ""},
{"ID": 885288960908210267, "Timestamp": "2021-09-08 22:22:16", "Contents": "", "Attachments": ""},
{"ID": 883110724996567152, "Timestamp": "2021-09-02 22:06:44", "Contents": "eu te ouco", "Attachments": ""},
{"ID": 883079775952961646, "Timestamp": "2021-09-02 20:03:45", "Contents": "", "Attachments": ""},
{"ID": 883041710307938305, "Timestamp": "2021-09-02 17:32:29", "Contents": "", "Attachments": ""},
{"ID": 882801479411445810, "Timestamp": "2021-09-02 01:37:54", "Contents": "naoooo", "Attachments": ""},
{"ID": 882759729544310844, "Timestamp": "2021-09-01 22:52:00", "Contents": "", "Attachments": ""},
{"ID": 879876891190919168, "Timestamp": "2021-08-24 23:56:38", "Contents": "http://eletronicaanalogica1.blogspot.com/2013/05/aula-37-transistor-em-emissor-comun-e.html", "Attachments": ""},
{"ID": 879866243631431750, "Timestamp": "2021-08-24 23:14:19", "Contents": "https://electronics.stackexchange.com/questions/397281/how-to-calculate-the-input-and-output-capacitors-of-a-common-emitter-amplifier-u", "Attachments": ""},
{"ID": 879864306991267891, "Timestamp": "2021-08-24 23:06:37", "Contents": "https://www.falstad.com/circuit/e-ceamp.html", "Attachments": ""},
{"ID": 879863122947620924, "Timestamp": "2021-08-24 23:01:55", "Contents": "https://www.electronics-tutorials.ws/amplifier/emitter-resistance.html", "Attachments": ""},
{"ID": 879861121069224018, "Timestamp": "2021-08-24 22:53:58", "Contents": "http://eletronicaanalogica1.blogspot.com/2013/05/aula-37-transistor-em-emissor-comun-e.html", "Attachments": ""},
{"ID": 879858800704761917, "Timestamp": "2021-08-24 22:44:45", "Contents": "http://www.ezuim.com/pdf/a_classA.pdf", "Attachments": ""},
{"ID": 879858269554884648, "Timestamp": "2021-08-24 22:42:38", "Contents": "http://liska.poa.br/calculo-de-um-amplificador-classe-a-com-transistor-npn-na-configuracao-emissor-comum/", "Attachments": ""},
{"ID": 879856314224881716, "Timestamp": "2021-08-24 22:34:52", "Contents": "https://www.youtube.com/watch?v=Y5ELcNPdoeI", "Attachments": ""},
{"ID": 879854169589153802, "Timestamp": "2021-08-24 22:26:20", "Contents": "", "Attachments": ""},
{"ID": 877708281433436250, "Timestamp": "2021-08-19 00:19:21", "Contents": "?", "Attachments": ""},
{"ID": 877708273699131412, "Timestamp": "2021-08-19 00:19:19", "Contents": "quer help", "Attachments": ""},
{"ID": 874809169260195861, "Timestamp": "2021-08-11 00:19:19", "Contents": "", "Attachments": ""},
{"ID": 873412156396298240, "Timestamp": "2021-08-07 03:48:05", "Contents": "vamos pular", "Attachments": ""},
{"ID": 873387226422186014, "Timestamp": "2021-08-07 02:09:01", "Contents": "", "Attachments": ""},
{"ID": 873053006055231498, "Timestamp": "2021-08-06 04:00:57", "Contents": "", "Attachments": "https://cdn.discordapp.com/attachments/706649657484378113/873053005690310706/cpu.c?ex=0&is=68916200&hm=42c5750d350bca6a662ed0602dba7c6a4c4a604343d2827972bad6031af2c802&uc=dp&"},
{"ID": 873036814770917426, "Timestamp": "2021-08-06 02:56:36", "Contents": "", "Attachments": ""},
{"ID": 873018640956534814, "Timestamp": "2021-08-06 01:44:23", "Contents": "", "Attachments": ""},
{"ID": 872987707754831872, "Timestamp": "2021-08-05 23:41:28", "Contents": "formula 1(600)", "Attachments": ""},
{"ID": 872982998591619133, "Timestamp": "2021-08-05 23:22:46", "Contents": "", "Attachments": ""},
{"ID": 872637860442935397, "Timestamp": "2021-08-05 00:31:18", "Contents": "http://www.volt-performance.com.br/", "Attachments": ""},
{"ID": 872636721966247966, "Timestamp": "2021-08-05 00:26:47", "Contents": "", "Attachments": ""},
{"ID": 872530742100508712, "Timestamp": "2021-08-04 17:25:39", "Contents": "", "Attachments": ""},
{"ID": 869737235182927932, "Timestamp": "2021-07-28 00:25:15", "Contents": "", "Attachments": ""},
{"ID": 869724790137708636, "Timestamp": "2021-07-27 23:35:48", "Contents": "eai ?", "Attachments": ""},
{"ID": 867158979948183552, "Timestamp": "2021-07-20 21:40:11", "Contents": "", "Attachments": "https://cdn.discordapp.com/attachments/706649657484378113/867158979670179920/WhatsApp_Image_2021-07-12_at_16.09.10_1.jpeg?ex=0&is=689161f2&hm=2b7029f33341984028ad30aaa96200ae788a84ba8b54d18bd53712a723d4a377&uc=dp&"},
{"ID": 867140091730591804, "Timestamp": "2021-07-20 20:25:08", "Contents": "", "Attachments": "https://cdn.discordapp.com/attachments/706649657484378113/867140091590475816/Orcamento.pdf?ex=0&is=689161f2&hm=d4f099f51e1118ff571bc532b080adba16b0a706c6f2a7523a1ea444dd978316&uc=dp&"},
{"ID": 867139362504441876, "Timestamp": "2021-07-20 20:22:14", "Contents": "", "Attachments": "https://cdn.discordapp.com/attachments/706649657484378113/867139362129969212/UNICAMP_Race_Team_1600.pdf?ex=0&is=689161f2&hm=8e643b63ddad88a40384076ca94903a9038a7f7ae001c13ae9727e726f810538&uc=dp&"},
{"ID": 867119972160765962, "Timestamp": "2021-07-20 19:05:11", "Contents": "", "Attachments": "https://cdn.discordapp.com/attachments/706649657484378113/867119971909238784/urt166_2021-Apr-18_02-45-16AM-000_CustomizedView8844197783_png.png?ex=0&is=689161f2&hm=71e142a110490f30872c563083172795766750fbf72f3fe31901ac84dab5319e&uc=dp&"},
{"ID": 867062382794506290, "Timestamp": "2021-07-20 15:16:21", "Contents": "Bom dia professor,\n\nBoa noticias, conseguimos um patrocínio para o chassi, e pelo nosso cronograma até mês que vem ele estará pronto e sera doado por meio do programa Parceiros da Unicamp no qual já estamos em contato, e com isso precisamos de um local abrigado e seguro na FT, para podermos armazena-lo e algumas peças, e para o ano de 2022 começamos a montagem do formula.\n\nAtt,\n--", "Attachments": ""},
{"ID": 867061815560765460, "Timestamp": "2021-07-20 15:14:06", "Contents": "Bom dia professor,\n\nBoa noticias, conseguimos um patrocínio para o chassi, e pelo nosso cronograma até mês que vem ele estará pronto e sera doado pelo meio do programa Parceiros da Unicamp no qual já estamos em contato, e com isso precisamos de um local abrigado e seguro na FT, para podermos armazena-lo e algumas peças, e para o ano de 2022 começamos a montagem do formula.\n\nAtt,\n--", "Attachments": ""},
{"ID": 867059856007102465, "Timestamp": "2021-07-20 15:06:18", "Contents": "Bom dia professor,\n\nConseguimos um patrocínio para a montagem do chassi, e pelo nosso cronograma até mês que vem ele estará pronto, e com isso precisamos de um local abrigado e seguro na FT para podermos armazena-lo e algumas peças, e para o ano de 2022 começamos a montagem do formula.\n\nAtt,\n--", "Attachments": ""},
{"ID": 867059437441515520, "Timestamp": "2021-07-20 15:04:39", "Contents": "Bom dia professor,\n\nConseguimos um patrocínio para a montagem do chassi, e pelo nosso cronograma até mês que vem ele estará pronto, e com isso precisamos de um local na FT para podermos armazena-lo e algumas peças e para o ano de 2022 começamos a montagem do formula.\n\nAtt,\n--", "Attachments": ""},
{"ID": 865271858725912636, "Timestamp": "2021-07-15 16:41:27", "Contents": "", "Attachments": ""},
{"ID": 862853430618750986, "Timestamp": "2021-07-09 00:31:28", "Contents": "", "Attachments": "https://cdn.discordapp.com/attachments/706649657484378113/862853430363029534/Capturar.JPG?ex=0&is=689161e0&hm=934402f6597964abe9576ba00f7f9d747472fa74c32c4907c7b4eaf53ee4a15b&uc=dp&"},
{"ID": 862831915718410240, "Timestamp": "2021-07-08 23:05:59", "Contents": "", "Attachments": "https://cdn.discordapp.com/attachments/706649657484378113/862831915526651924/89a26082a16a2e83b8ef.png?ex=0&is=689161e0&hm=5f254d260c328e72510973fbeea851998515d90c44acc35cd4f4496aaf76f4ec&uc=dp&"},
{"ID": 862028647984398417, "Timestamp": "2021-07-06 17:54:05", "Contents": "pessoa fineiros", "Attachments": ""},
{"ID": 862028615239335986, "Timestamp": "2021-07-06 17:53:57", "Contents": "ler", "Attachments": ""},
{"ID": 862028544120979497, "Timestamp": "2021-07-06 17:53:40", "Contents": "thiago@funcamp.unicamp.br", "Attachments": ""},
{"ID": 862028358232834068, "Timestamp": "2021-07-06 17:52:56", "Contents": "ss", "Attachments": ""},
{"ID": 862028124832137226, "Timestamp": "2021-07-06 17:52:00", "Contents": "isso ta tranquilo", "Attachments": ""},
{"ID": 862027878609453066, "Timestamp": "2021-07-06 17:51:01", "Contents": "ta", "Attachments": ""},
{"ID": 862027514864336926, "Timestamp": "2021-07-06 17:49:35", "Contents": "email", "Attachments": ""},
{"ID": 862027510878568468, "Timestamp": "2021-07-06 17:49:34", "Contents": "19991122119", "Attachments": ""},
{"ID": 862027069722591242, "Timestamp": "2021-07-06 17:47:49", "Contents": "ok", "Attachments": ""},
{"ID": 862026981834227752, "Timestamp": "2021-07-06 17:47:28", "Contents": "ta ouvindo ?", "Attachments": ""},
{"ID": 862026488395071578, "Timestamp": "2021-07-06 17:45:30", "Contents": "calma", "Attachments": ""},
{"ID": 862026406367330334, "Timestamp": "2021-07-06 17:45:10", "Contents": "ss", "Attachments": ""},
{"ID": 862025015422353448, "Timestamp": "2021-07-06 17:39:39", "Contents": "", "Attachments": ""},
{"ID": 862024978093309954, "Timestamp": "2021-07-06 17:39:30", "Contents": "", "Attachments": ""},
{"ID": 861699884717310003, "Timestamp": "2021-07-05 20:07:42", "Contents": "eu falei pra nao fazer isso se nao sabe", "Attachments": ""},
{"ID": 861699866890993714, "Timestamp": "2021-07-05 20:07:37", "Contents": "ahuahauhauhauhauha", "Attachments": ""},
{"ID": 861694536073478184, "Timestamp": "2021-07-05 19:46:26", "Contents": "if(dist > 3){\n    for (int i = 0; i < 255; i++){\n     analogWrite(led0, i); \n     analogWrite(led1, i);\n     analogWrite(led2, i);\n     analogWrite(led3, i);\n     analogWrite(led4, i); \n     delay(50);\n    }", "Attachments": ""},
{"ID": 861678451186860092, "Timestamp": "2021-07-05 18:42:31", "Contents": "", "Attachments": ""},
{"ID": 857013654586654761, "Timestamp": "2021-06-22 21:46:17", "Contents": "", "Attachments": ""},
{"ID": 856972541293101128, "Timestamp": "2021-06-22 19:02:55", "Contents": "", "Attachments": ""},
{"ID": 855212573770907660, "Timestamp": "2021-06-17 22:29:26", "Contents": "", "Attachments": ""},
{"ID": 855212113894965298, "Timestamp": "2021-06-17 22:27:37", "Contents": "respeita", "Attachments": ""},
{"ID": 853118964279279676, "Timestamp": "2021-06-12 03:50:11", "Contents": "", "Attachments": ""},
{"ID": 852913820870901821, "Timestamp": "2021-06-11 14:15:01", "Contents": "pera ai", "Attachments": ""},
{"ID": 852912851215581244, "Timestamp": "2021-06-11 14:11:10", "Contents": "ahuhauahuahua", "Attachments": ""},
{"ID": 852912842834444318, "Timestamp": "2021-06-11 14:11:08", "Contents": "sei la", "Attachments": ""},
{"ID": 852912831082004480, "Timestamp": "2021-06-11 14:11:05", "Contents": "quem sao esses velhos ???", "Attachments": ""},
{"ID": 852882906305134593, "Timestamp": "2021-06-11 12:12:10", "Contents": "", "Attachments": ""},
{"ID": 851911294457741393, "Timestamp": "2021-06-08 19:51:20", "Contents": "Um amplificador operacional na configuração integrador simula a operação matemática de integração que é\nbasicamente um processo de soma que determina a área total sob uma função, ou seja, o integrador faz a\nintegração da forma de onda da tensão de entrada. Um amplificador operacional na configuração derivador simula\na operação matemática de derivação que é o processo de determinar a taxa instantânea de mudança de uma\nfunção. O diferenciador realiza a operação inversa da operação integradora. A forma de onda de saída é a\nderivada da forma de onda da entrada", "Attachments": ""},
{"ID": 851908856447238153, "Timestamp": "2021-06-08 19:41:39", "Contents": "", "Attachments": "https://cdn.discordapp.com/attachments/706649657484378113/851908856342904842/fonte-simetrica.png?ex=0&is=68916208&hm=f38af6cd6ee5e06d52224f58083cb303ea8cf75e71c2f8546c541a80e67cd05a&uc=dp&"},
{"ID": 851904842107584595, "Timestamp": "2021-06-08 19:25:41", "Contents": "", "Attachments": "https://cdn.discordapp.com/attachments/706649657484378113/851904841902587944/yyyy.JPG?ex=0&is=68916208&hm=8ffd4c70556ad62f1904f215524a272014dbf163c8ab63a8712628e2bd8e9538&uc=dp&"},
{"ID": 851903231470862367, "Timestamp": "2021-06-08 19:19:17", "Contents": "https://www.youtube.com/watch?v=ovVMHkFTpzU&ab_channel=juliasanches", "Attachments": ""},
{"ID": 851892283220688946, "Timestamp": "2021-06-08 18:35:47", "Contents": "https://www.mediafire.com/view/e9c80vtl9ls4fto/IMG-20170704-WA0000.jpg", "Attachments": ""},
{"ID": 851888702267064350, "Timestamp": "2021-06-08 18:21:33", "Contents": "https://www.mediafire.com/folder/9rlcl094c2xfq/Telecom#9rlcl094c2xfq", "Attachments": ""},
{"ID": 851888128704380949, "Timestamp": "2021-06-08 18:19:17", "Contents": "", "Attachments": "https://cdn.discordapp.com/attachments/706649657484378113/851888128516030524/Lista2_TT311.pdf?ex=0&is=68916208&hm=8f31f7014eaa151908a500b75f2ad3aba3682f295c565f7199ee5ca62d0fbf8a&uc=dp&"},
{"ID": 851886355050528818, "Timestamp": "2021-06-08 18:12:14", "Contents": "", "Attachments": ""},
{"ID": 851663591446937661, "Timestamp": "2021-06-08 03:27:03", "Contents": "", "Attachments": ""},
{"ID": 851663352957894657, "Timestamp": "2021-06-08 03:26:06", "Contents": "hey", "Attachments": ""},
{"ID": 849294974414880809, "Timestamp": "2021-06-01 14:35:01", "Contents": "", "Attachments": ""},
{"ID": 848764694612279307, "Timestamp": "2021-05-31 03:27:52", "Contents": "https://www.youtube.com/watch?v=mlfhYMjHmOE&ab_channel=IndianapolisMotorSpeedwayIndianapolisMotorSpeedway", "Attachments": ""},
{"ID": 848764031133286441, "Timestamp": "2021-05-31 03:25:14", "Contents": "https://www.youtube.com/watch?v=N8xx-mjqDZw&t=9s&ab_channel=PiquetMotorSportsPiquetMotorSports", "Attachments": ""},
{"ID": 848760964513398794, "Timestamp": "2021-05-31 03:13:03", "Contents": "https://www.youtube.com/watch?v=woy1ECsiA9k&ab_channel=DPFEletr%C3%B4nicaDPFEletr%C3%B4nica", "Attachments": ""},
{"ID": 848759212183781406, "Timestamp": "2021-05-31 03:06:05", "Contents": "https://speeduino.github.io/speeduino-doxygen/files.html", "Attachments": ""},
{"ID": 848752930303639562, "Timestamp": "2021-05-31 02:41:07", "Contents": "https://speeduino.com/home/", "Attachments": ""},
{"ID": 848751402485415997, "Timestamp": "2021-05-31 02:35:03", "Contents": "", "Attachments": ""},
{"ID": 847899197164486688, "Timestamp": "2021-05-28 18:08:41", "Contents": "estevão#3660", "Attachments": ""},
{"ID": 847125769528279060, "Timestamp": "2021-05-26 14:55:22", "Contents": "http://www.cinestec.com.br/product_info.php?products_id=20985", "Attachments": ""},
{"ID": 847118798975664208, "Timestamp": "2021-05-26 14:27:40", "Contents": "", "Attachments": ""},
{"ID": 846840975883239436, "Timestamp": "2021-05-25 20:03:42", "Contents": "", "Attachments": ""},
{"ID": 845065784312856587, "Timestamp": "2021-05-20 22:29:43", "Contents": "", "Attachments": "https://cdn.discordapp.com/attachments/706649657484378113/845065784552063056/Carta_de_apoio_ao_Projeto_Unicamp_Racing_Team_1600.pdf?ex=0&is=68916179&hm=d31fbf3d3f469c1799ba8362e27639cdb6dd9499eb3568a4fae7c9ffe89b0145&uc=dp&"},
{"ID": 845058488694079498, "Timestamp": "2021-05-20 22:00:44", "Contents": "", "Attachments": "https://cdn.discordapp.com/attachments/706649657484378113/845058488483971143/unknown.png?ex=0&is=68916179&hm=5b91d51c1e1738c368f998487537280d9618b411cb7459a1098c7940e9d14d05&uc=dp&"},
{"ID": 845056874651058197, "Timestamp": "2021-05-20 21:54:19", "Contents": "", "Attachments": ""},
{"ID": 845049555359236156, "Timestamp": "2021-05-20 21:25:14", "Contents": "", "Attachments": "https://cdn.discordapp.com/attachments/706649657484378113/845049555182682133/logo.jpg?ex=0&is=68916179&hm=4c5064504ade9478958430d44bdb31a0b04f45f9ec4a8af2eed673a3cdaee805&uc=dp&"},
{"ID": 845049518797619240, "Timestamp": "2021-05-20 21:25:05", "Contents": "", "Attachments": "https://cdn.discordapp.com/attachments/706649657484378113/845049518650687488/logotipo_cor.png?ex=0&is=68916179&hm=8eef1414c4dc94df00402b35447641dfe7819820ea76eaf7f76877454a28c0b7&uc=dp&"},
{"ID": 844986049842249809, "Timestamp": "2021-05-20 17:12:53", "Contents": "https://thiagocamargo2000.wixsite.com/my-site", "Attachments": ""},
{"ID": 842911648011517953, "Timestamp": "2021-05-14 23:49:57", "Contents": "", "Attachments": ""},
{"ID": 842525384318910504, "Timestamp": "2021-05-13 22:15:04", "Contents": "", "Attachments": "https://cdn.discordapp.com/attachments/706649657484378113/842525384058208286/1.JPG?ex=0&is=689161f0&hm=ec2da8788403382999a217535f0687f15c56952ac7fd3079b9180264d1cece9c&uc=dp&"},
{"ID": 842525065017819156, "Timestamp": "2021-05-13 22:13:48", "Contents": "", "Attachments": "https://cdn.discordapp.com/attachments/706649657484378113/842525064858697799/5.JPG?ex=0&is=689161f0&hm=79dbb34a8ecf1bc35fd47c32dde5647a26fd55348b947c0c51bff36916be7595&uc=dp&"},
{"ID": 842525061445058610, "Timestamp": "2021-05-13 22:13:48", "Contents": "", "Attachments": "https://cdn.discordapp.com/attachments/706649657484378113/842525061251334184/3.JPG?ex=0&is=689161f0&hm=0bf5cb4371395736ac4bb010e75a58f3f7f248a39efe86f9c4eca20ca589dfb8&uc=dp&"},
{"ID": 842525061130878986, "Timestamp": "2021-05-13 22:13:47", "Contents": "", "Attachments": "https://cdn.discordapp.com/attachments/706649657484378113/842525058311520256/2.JPG?ex=0&is=689161f0&hm=23f48471c5a703e72a478ac16b579fcbbb8dae4b6fef257e748652005013a519&uc=dp&"},
{"ID": 842525053438263376, "Timestamp": "2021-05-13 22:13:46", "Contents": "", "Attachments": "https://cdn.discordapp.com/attachments/706649657484378113/842525053257383937/6.JPG?ex=0&is=689161f0&hm=1a02efe10e88c5651dc3cd92411f6b7c40d5c6eb4da31638e5fc505c65e75a6c&uc=dp&"},
{"ID": 838594730857857085, "Timestamp": "2021-05-03 01:56:04", "Contents": "MATTEDE, Henrique. O que é relé e como instalar relé?. In: O que é relé e como instalar relé?. 1. [S. l.], 2017. Disponível em: https://www.mundodaeletrica.com.br/o-que-e-rele-como-instalar/. Acesso em: 2 maio 2021.", "Attachments": ""},
{"ID": 838591924751433759, "Timestamp": "2021-05-03 01:44:55", "Contents": "http://hamello.com/PDF/DispositivosSemicondutorescompletoRedSize.pdf", "Attachments": ""},
{"ID": 838581167128313897, "Timestamp": "2021-05-03 01:02:10", "Contents": "https://app.respondeai.com.br/materias/solucionario/livro/2/edicao/20/exercicio/614", "Attachments": ""},
{"ID": 838574715076608021, "Timestamp": "2021-05-03 00:36:32", "Contents": "https://referenciabibliografica.net/a/pt-br/ref/abnt", "Attachments": ""},
{"ID": 838550396891955290, "Timestamp": "2021-05-02 22:59:54", "Contents": "han?", "Attachments": ""},
{"ID": 838547849120710668, "Timestamp": "2021-05-02 22:49:46", "Contents": "on", "Attachments": ""},
{"ID": 837836881759567904, "Timestamp": "2021-04-30 23:44:38", "Contents": "", "Attachments": "https://cdn.discordapp.com/attachments/706649657484378113/837836879679455282/Prova_TT311A.pdf?ex=0&is=689161f0&hm=07e43aa3db9d64be4e3a17fc72910b73770bb966c6ca329be186a673e9364176&uc=dp&"},
{"ID": 836567538069536779, "Timestamp": "2021-04-27 11:40:43", "Contents": "ok", "Attachments": ""},
{"ID": 836567093968240670, "Timestamp": "2021-04-27 11:38:57", "Contents": "", "Attachments": ""},
{"ID": 833114030960672809, "Timestamp": "2021-04-17 22:57:43", "Contents": "", "Attachments": "https://cdn.discordapp.com/attachments/706649657484378113/833114030751219742/urt166_v4.f3z?ex=0&is=68916203&hm=95ccc90ec03ffd7917f378f9ffb8af1bf939f756a94564f3536a9f9c72a2ee43&uc=dp&"},
{"ID": 833112172593676309, "Timestamp": "2021-04-17 22:50:20", "Contents": "", "Attachments": "https://cdn.discordapp.com/attachments/706649657484378113/833112172501532723/URT164-01.pdf?ex=0&is=68916203&hm=26f7f4d4601892a0d58657423a97dcb361c69c9dfee8712a80a502414cdf3646&uc=dp&"},
{"ID": 833104303967305818, "Timestamp": "2021-04-17 22:19:04", "Contents": "", "Attachments": ""},
{"ID": 832425583580545024, "Timestamp": "2021-04-16 01:22:04", "Contents": "", "Attachments": "https://cdn.discordapp.com/attachments/706649657484378113/832425582834090024/20210415_222248.jpg?ex=0&is=68916203&hm=9666a7d5a8200c449ac2810894a004c74970590bd25e574f0bc0c81789d8d96a&uc=dp&"},
{"ID": 832422426565673040, "Timestamp": "2021-04-16 01:09:32", "Contents": "", "Attachments": "https://cdn.discordapp.com/attachments/706649657484378113/832422425987645440/20210415_221024.jpg?ex=0&is=68916203&hm=f80139f00ea37f037b85ac1067ff69d92e37ba6736c84b6f877638c48e339550&uc=dp&"},
{"ID": 832421124280418344, "Timestamp": "2021-04-16 01:04:21", "Contents": "https://www.youtube.com/watch?v=EM9m5xnO0cc&ab_channel=WTF1", "Attachments": ""},
{"ID": 830978666464673813, "Timestamp": "2021-04-12 01:32:32", "Contents": "ssss", "Attachments": ""},
{"ID": 830978023720353855, "Timestamp": "2021-04-12 01:29:59", "Contents": "", "Attachments": ""},
{"ID": 830967082840621060, "Timestamp": "2021-04-12 00:46:31", "Contents": "", "Attachments": ""},
{"ID": 828798048049954888, "Timestamp": "2021-04-06 01:07:32", "Contents": "", "Attachments": ""},
{"ID": 828011194526859314, "Timestamp": "2021-04-03 21:00:52", "Contents": "", "Attachments": ""},
{"ID": 827381291905187841, "Timestamp": "2021-04-02 03:17:51", "Contents": "", "Attachments": "https://cdn.discordapp.com/attachments/706649657484378113/827381292064178246/carro_passando.mp3?ex=0&is=6891620e&hm=b2e3eb8d87d81171343b56bc2b99c3f8de3d8947d7009a60a249acf78a14dbdc&uc=dp&"},
{"ID": 827285486422720532, "Timestamp": "2021-04-01 20:57:10", "Contents": "", "Attachments": ""},
{"ID": 827188176816308276, "Timestamp": "2021-04-01 14:30:29", "Contents": "", "Attachments": ""},
{"ID": 826963143867629610, "Timestamp": "2021-03-31 23:36:17", "Contents": "", "Attachments": ""},
{"ID": 826194309627510896, "Timestamp": "2021-03-29 20:41:13", "Contents": "", "Attachments": ""},
{"ID": 826143861507620884, "Timestamp": "2021-03-29 17:20:45", "Contents": "", "Attachments": ""},
{"ID": 825897756466872350, "Timestamp": "2021-03-29 01:02:49", "Contents": "nao havera uma queda de tensao de 0,7 volts quando aplicado uma tensao mair q a condução do diodo", "Attachments": ""},
{"ID": 825891197931094057, "Timestamp": "2021-03-29 00:36:45", "Contents": "", "Attachments": "https://cdn.discordapp.com/attachments/706649657484378113/825891197766991872/Capturar.JPG?ex=0&is=689161ea&hm=9d739434f9ad2bdcda0ff0b11e91e8574cbec7948b29a3a300157c3b1ade0941&uc=dp&"},
{"ID": 825856155846311936, "Timestamp": "2021-03-28 22:17:31", "Contents": "http://eucurtomoto.com.br/download_arquivos/Downloads/Honda/CBR%20450SR/Manual%20de%20Servico%20CBR%20450SR.pdf", "Attachments": ""},
{"ID": 825841668208328726, "Timestamp": "2021-03-28 21:19:57", "Contents": "nao entrega o regulamento falho", "Attachments": ""},
{"ID": 825837235270058015, "Timestamp": "2021-03-28 21:02:20", "Contents": "se quer?", "Attachments": ""},
{"ID": 825836861729275944, "Timestamp": "2021-03-28 21:00:51", "Contents": "ta ouvindo?", "Attachments": ""},
{"ID": 825831986203197511, "Timestamp": "2021-03-28 20:41:28", "Contents": "", "Attachments": ""},
{"ID": 824293401134104606, "Timestamp": "2021-03-24 14:47:41", "Contents": "https://redecanais.cloud/liga-da-justica-ponto-de-ignicao-dublado-2013-720p_2d47d6a36.html", "Attachments": ""},
{"ID": 824282041012191283, "Timestamp": "2021-03-24 14:02:32", "Contents": "", "Attachments": ""},
{"ID": 824282024805269556, "Timestamp": "2021-03-24 14:02:29", "Contents": "salve", "Attachments": ""},
{"ID": 807644297766895666, "Timestamp": "2021-02-06 16:10:05", "Contents": "", "Attachments": ""},
{"ID": 796852319090245672, "Timestamp": "2021-01-07 21:26:37", "Contents": "", "Attachments": "https://cdn.discordapp.com/attachments/706649657484378113/796852318845927464/Prova_3.pdf?ex=0&is=68916209&hm=08304d0c5b3877aa8bcae4eaeb480f47b431db3592f2497045f511f453a6d742&uc=dp&"},
{"ID": 796817495314792488, "Timestamp": "2021-01-07 19:08:15", "Contents": "Prova 3 cálculo vetorial\n\nRegras da prova:\n\n1) Todas as páginas da prova deve conter nome e RA escrito á mão!\n\n2) Use um Scanner para gerar um arquivo PDF e enquadre a imagem em tamanho A4 (todas as paginas), formato Retrato. Sejam caprichosos, pois é dificil corrigir varias provas sem padrão!\n\n3) Não serão aceitas provas que não obedeçam os critérios 1 e 2. \n\n4) as questões que você deve fazer são as 6 questões que você não fez na P2. São as questões complementares daquela lista de 10 questões da P2. se repetir (refazer) as questôes ela não serão computadas. \n\n5) o critério de avaliação da questão é se ela está completamente certa! caso contrário a nota da questão será zero!\n\n6) resposta correta sem desenvolvimento correto (ou com erros mínimos quaisquer no desenvolvimento) não serão aceitas.\n\n7) Caprichem na letra e na organização da prova. Se houver rasuras refaça a questão !", "Attachments": ""},
{"ID": 795824311897292851, "Timestamp": "2021-01-05 01:21:41", "Contents": "ontato: Vera Lúcia Perino Barbosa | Presidente (11) 2741-2374 | (11) 9914-9687 vera@institutomovere.org.br Rua Afonso Porto, 326 – Artur Alvim São Paulo SP – Fone 11 2741-2374 www.institutomovere.org.br", "Attachments": ""},
{"ID": 795821868094717952, "Timestamp": "2021-01-05 01:11:59", "Contents": "isso nao tinha antes", "Attachments": ""},
{"ID": 795821848713232434, "Timestamp": "2021-01-05 01:11:54", "Contents": "man", "Attachments": ""},
{"ID": 795821828572184616, "Timestamp": "2021-01-05 01:11:49", "Contents": "http://www.lpie.sp.gov.br/ConsultaPublicaImprimir/Create?IdProjeto=572&IdUsuario=0&IdConta=0&CodigoEmpresa=0", "Attachments": ""},
{"ID": 795821748826144856, "Timestamp": "2021-01-05 01:11:30", "Contents": "", "Attachments": "https://cdn.discordapp.com/attachments/706649657484378113/795821748557053972/unknown.png?ex=0&is=68916209&hm=a9e0349954fbf3544bda05ac77d73caa146879c342292af161a17779e319eb95&uc=dp&"},
{"ID": 795819862626533407, "Timestamp": "2021-01-05 01:04:00", "Contents": "new safety", "Attachments": ""},
{"ID": 795817719031136256, "Timestamp": "2021-01-05 00:55:29", "Contents": "https://www.youtube.com/watch?v=lhNjfNUOUo8&list=WL&index=40&ab_channel=TESolution", "Attachments": ""},
{"ID": 791560804670636033, "Timestamp": "2020-12-24 07:00:02", "Contents": "deu ruim", "Attachments": ""},
{"ID": 791560774681231370, "Timestamp": "2020-12-24 06:59:55", "Contents": "1 minuto", "Attachments": ""},
{"ID": 791537140986019891, "Timestamp": "2020-12-24 05:26:00", "Contents": "perai", "Attachments": ""},
{"ID": 791536822210789398, "Timestamp": "2020-12-24 05:24:44", "Contents": "zuoo tudo", "Attachments": ""},
{"ID": 791497229495828480, "Timestamp": "2020-12-24 02:47:24", "Contents": "", "Attachments": ""},
{"ID": 791407103150653460, "Timestamp": "2020-12-23 20:49:17", "Contents": "", "Attachments": "https://cdn.discordapp.com/attachments/706649657484378113/791407102630821918/HERICK_COD_TOP_OF_MONSTERS_OF_UNIVERSE_OF_GAYS.ino?ex=0&is=6891618f&hm=4e156002b0f7cadc706b7d9b12f84c211d087ef908b240828426a4a5fa402c60&uc=dp&"},
{"ID": 791385275032141854, "Timestamp": "2020-12-23 19:22:32", "Contents": "http://www.arduinoceara.com/2020/02/projeto-carro-autonomo-que-desvia-de.html", "Attachments": ""},
{"ID": 789510500232593438, "Timestamp": "2020-12-18 15:12:51", "Contents": "", "Attachments": "https://cdn.discordapp.com/attachments/706649657484378113/789510499124379698/Prova_T411.docx?ex=0&is=6891619b&hm=c8cc42084e23a946ea12cd3620db99505a3d5afd88e13535f43332b12d2e038a&uc=dp&"},
{"ID": 786780511275188245, "Timestamp": "2020-12-11 02:24:51", "Contents": "https://drive.google.com/file/d/1FAxmwEzZqKV_xEuFWCQFnBg9w3PXOW_2/view?usp=sharing", "Attachments": ""},
{"ID": 786759531312578591, "Timestamp": "2020-12-11 01:01:29", "Contents": "call ?", "Attachments": ""},
{"ID": 786759501671432212, "Timestamp": "2020-12-11 01:01:22", "Contents": "ownttt", "Attachments": ""},
{"ID": 786759031028449290, "Timestamp": "2020-12-11 00:59:30", "Contents": "fala dog belga", "Attachments": ""},
{"ID": 778403778998042645, "Timestamp": "2020-11-17 23:38:42", "Contents": "", "Attachments": ""},
{"ID": 778125188948688916, "Timestamp": "2020-11-17 05:11:41", "Contents": "unicampracingteam@gmail.com", "Attachments": ""},
{"ID": 778114160038379520, "Timestamp": "2020-11-17 04:27:52", "Contents": "https://www.tutoriaisword.com/Numerar-rifa-automaticamente-no-word.htm", "Attachments": ""},
{"ID": 778090298831142952, "Timestamp": "2020-11-17 02:53:03", "Contents": "", "Attachments": ""},
{"ID": 778090279726219285, "Timestamp": "2020-11-17 02:52:58", "Contents": "", "Attachments": ""},
{"ID": 774506797427851304, "Timestamp": "2020-11-07 05:33:30", "Contents": "vou dormir", "Attachments": ""},
{"ID": 774506768839475241, "Timestamp": "2020-11-07 05:33:23", "Contents": "nhaa", "Attachments": ""},
{"ID": 774506727353352193, "Timestamp": "2020-11-07 05:33:13", "Contents": "irei", "Attachments": ""},
{"ID": 774506592316948500, "Timestamp": "2020-11-07 05:32:41", "Contents": "to mostrando meus peitos no omegle", "Attachments": ""},
{"ID": 774501279375949854, "Timestamp": "2020-11-07 05:11:34", "Contents": "top", "Attachments": ""},
{"ID": 774498153327886386, "Timestamp": "2020-11-07 04:59:09", "Contents": "como vai", "Attachments": ""},
{"ID": 774495828164345876, "Timestamp": "2020-11-07 04:49:54", "Contents": "oi", "Attachments": ""},
{"ID": 774485107398541363, "Timestamp": "2020-11-07 04:07:18", "Contents": "carai", "Attachments": ""},
{"ID": 774292448893599744, "Timestamp": "2020-11-06 15:21:45", "Contents": "http://www.mediafire.com/view/kc5dbnq1lw657k4/thunderbird.png", "Attachments": ""},
{"ID": 774290087453130763, "Timestamp": "2020-11-06 15:12:22", "Contents": "", "Attachments": "https://cdn.discordapp.com/attachments/706649657484378113/774290087085211648/Capturar.PNG?ex=0&is=689161aa&hm=41bf5c60a340eb6f34a822455618c0af9f77a5e90a04d55d5ffe4f3456ff993b&uc=dp&"},
{"ID": 774264091417247754, "Timestamp": "2020-11-06 13:29:04", "Contents": "", "Attachments": "https://cdn.discordapp.com/attachments/706649657484378113/774264091069382666/VHDL_2_MC_Circ_Comb_v2.pdf?ex=0&is=689161aa&hm=893215dc8cea8964039ee3283bff780b2128c16398600f4df0b23e83eeef8ab3&uc=dp&"},
{"ID": 774263505322246155, "Timestamp": "2020-11-06 13:26:44", "Contents": "1-) FPGAs (Field Programmable Gate Arrays) são dispositivos semicondutores baseados em uma matriz de blocos lógicos configuráveis. FPGA é um circuito que um usuário pode programar para realizar uma ou mais operações lógicas tais como prototipagem ASIC com permite modelagem de sistema SoC, Comunicações com fio e sem fio para programação do sistema de comunicação e sistemas de Tv a cabo.\n\n1-b-)O FPGA é usado na descompressão de vídeo digital, como o programador pode através da linguagem de programação montar o circuito logico “dentro” do chip assim o programador tem a liberdade de poder testar vários arranjos sem ter que ficar fazendo novos circuitos para cada arranjo, sendo assim o tempo e custo do protótipo para a descompressão é mais otimizado.", "Attachments": ""},
{"ID": 773322983175356416, "Timestamp": "2020-11-03 23:09:26", "Contents": "", "Attachments": "https://cdn.discordapp.com/attachments/706649657484378113/773322982444761118/unknown.png?ex=0&is=689161aa&hm=73d3e37157b4bb55af87cb0cf9b155ae6d1c715ed9b1d5996386238f37a18374&uc=dp&"},
{"ID": 772544524911771706, "Timestamp": "2020-11-01 19:36:07", "Contents": "ja volto", "Attachments": ""},
{"ID": 772532252487843881, "Timestamp": "2020-11-01 18:47:21", "Contents": "", "Attachments": "https://cdn.discordapp.com/attachments/706649657484378113/772532252076015626/download.jpg?ex=0&is=689161aa&hm=b2dc0d43a48decb69afedf7cfa43928efa16946fd0a71b67cb54d0d3e9122b92&uc=dp&"},
{"ID": 772278409148497960, "Timestamp": "2020-11-01 01:58:40", "Contents": "mals", "Attachments": ""},
{"ID": 772278149596971018, "Timestamp": "2020-11-01 01:57:39", "Contents": "", "Attachments": ""},
{"ID": 771260212253425674, "Timestamp": "2020-10-29 06:32:43", "Contents": "", "Attachments": "https://cdn.discordapp.com/attachments/706649657484378113/771260211972800532/unknown.png?ex=0&is=689161a2&hm=628c504e9ceb705be1bc7a5fdc5d8072d32099b98d5854dc65c427162a4a6870&uc=dp&"},
{"ID": 771244165857542174, "Timestamp": "2020-10-29 05:28:58", "Contents": "mama rtraveco", "Attachments": ""},
{"ID": 771225589155627009, "Timestamp": "2020-10-29 04:15:09", "Contents": "pulo?", "Attachments": ""},
{"ID": 771224882964725811, "Timestamp": "2020-10-29 04:12:20", "Contents": "whatever#5772", "Attachments": ""},
{"ID": 771204992295632906, "Timestamp": "2020-10-29 02:53:18", "Contents": "", "Attachments": ""},
{"ID": 771087895209181214, "Timestamp": "2020-10-28 19:08:00", "Contents": "R&D", "Attachments": ""},
{"ID": 771079764219789323, "Timestamp": "2020-10-28 18:35:41", "Contents": "", "Attachments": ""},
{"ID": 771075775570116609, "Timestamp": "2020-10-28 18:19:50", "Contents": "", "Attachments": ""},
{"ID": 771074007419715604, "Timestamp": "2020-10-28 18:12:49", "Contents": "q", "Attachments": ""},
{"ID": 770870293106786344, "Timestamp": "2020-10-28 04:43:19", "Contents": "compartilha a tela", "Attachments": ""},
{"ID": 768262685850599434, "Timestamp": "2020-10-21 00:01:37", "Contents": "boy", "Attachments": ""},
{"ID": 768262678179217458, "Timestamp": "2020-10-21 00:01:36", "Contents": "entra la", "Attachments": ""},
{"ID": 768262667294605332, "Timestamp": "2020-10-21 00:01:33", "Contents": "carai", "Attachments": ""},
{"ID": 766482718795104256, "Timestamp": "2020-10-16 02:08:40", "Contents": "FSPQGF", "Attachments": ""},
{"ID": 763608832898367489, "Timestamp": "2020-10-08 03:48:52", "Contents": "ahuahuahuahuahuaha", "Attachments": ""},
{"ID": 763607345573920788, "Timestamp": "2020-10-08 03:42:58", "Contents": "f", "Attachments": ""},
{"ID": 763607164962996254, "Timestamp": "2020-10-08 03:42:15", "Contents": "lampada", "Attachments": ""},
{"ID": 763605471398461461, "Timestamp": "2020-10-08 03:35:31", "Contents": "> ENTRA\n...", "Attachments": ""},
{"ID": 763567508610482205, "Timestamp": "2020-10-08 01:04:40", "Contents": "ss", "Attachments": ""},
{"ID": 763567352377770004, "Timestamp": "2020-10-08 01:04:03", "Contents": "https://discord.gg/TUBntq", "Attachments": ""},
{"ID": 763188887551082506, "Timestamp": "2020-10-07 00:00:10", "Contents": "ENTRA", "Attachments": ""},
{"ID": 763188873018343464, "Timestamp": "2020-10-07 00:00:06", "Contents": "FPMAWQ", "Attachments": ""},
{"ID": 762758755221504031, "Timestamp": "2020-10-05 19:30:58", "Contents": "man", "Attachments": ""},
{"ID": 762545050764443668, "Timestamp": "2020-10-05 05:21:47", "Contents": "geral", "Attachments": ""},
{"ID": 762220243736592445, "Timestamp": "2020-10-04 07:51:07", "Contents": "https://www.youtube.com/watch?v=u5k_arVcqR8", "Attachments": ""},
{"ID": 761773186751791115, "Timestamp": "2020-10-03 02:14:40", "Contents": "arrumei", "Attachments": ""},
{"ID": 761770875716370432, "Timestamp": "2020-10-03 02:05:29", "Contents": "bçz", "Attachments": ""},
{"ID": 761767105824686100, "Timestamp": "2020-10-03 01:50:30", "Contents": "N", "Attachments": ""},
{"ID": 761767012770250752, "Timestamp": "2020-10-03 01:50:08", "Contents": "SS", "Attachments": ""},
{"ID": 761766903563550750, "Timestamp": "2020-10-03 01:49:42", "Contents": "OMG", "Attachments": ""},
{"ID": 761766892469616651, "Timestamp": "2020-10-03 01:49:40", "Contents": "OGM", "Attachments": ""},
{"ID": 761766770813698079, "Timestamp": "2020-10-03 01:49:11", "Contents": "tentando senhor", "Attachments": ""},
{"ID": 761765823684935691, "Timestamp": "2020-10-03 01:45:25", "Contents": "drive sumiu", "Attachments": ""},
{"ID": 761765016034607134, "Timestamp": "2020-10-03 01:42:12", "Contents": "ja sei", "Attachments": ""},
{"ID": 761764549527339029, "Timestamp": "2020-10-03 01:40:21", "Contents": "so o micro", "Attachments": ""},
{"ID": 761764539230191618, "Timestamp": "2020-10-03 01:40:19", "Contents": "nop", "Attachments": ""},
{"ID": 761764474008371200, "Timestamp": "2020-10-03 01:40:03", "Contents": "tem", "Attachments": ""},
{"ID": 761764382324817941, "Timestamp": "2020-10-03 01:39:41", "Contents": "q inferno", "Attachments": ""},
{"ID": 745435397487853568, "Timestamp": "2020-08-19 00:14:08", "Contents": "", "Attachments": ""},
{"ID": 745367570214944768, "Timestamp": "2020-08-18 19:44:36", "Contents": "", "Attachments": ""},
{"ID": 739621017076367401, "Timestamp": "2020-08-02 23:09:51", "Contents": "vai tomar cu vc e seu caminhao", "Attachments": ""},
{"ID": 710214029909557330, "Timestamp": "2020-05-13 19:36:59", "Contents": "gay[", "Attachments": ""},
{"ID": 707046319612493904, "Timestamp": "2020-05-05 01:49:38", "Contents": "eu vim pra sala de jamtar", "Attachments": ""},
{"ID": 707046285773111429, "Timestamp": "2020-05-05 01:49:30", "Contents": "vouu", "Attachments": ""},
{"ID": 707046261928230973, "Timestamp": "2020-05-05 01:49:25", "Contents": "bora", "Attachments": ""},
{"ID": 707046212410540114, "Timestamp": "2020-05-05 01:49:13", "Contents": "FALAA", "Attachments": ""},
{"ID": 706650512954622033, "Timestamp": "2020-05-03 23:36:51", "Contents": "ahuahuahauauhau7", "Attachments": ""},
{"ID": 706650494780571731, "Timestamp": "2020-05-03 23:36:46", "Contents": "gay", "Attachments": ""}
]