[
{"ID": 847478094600470599, "Timestamp": "2021-05-27 14:15:23", "Contents": "https://drive.google.com/file/d/1ym3CAAL4USCx2e9pc4YyBi20cFR7uYF3/view?usp=sharing", "Attachments": ""},
{"ID": 847470196787511297, "Timestamp": "2021-05-27 13:44:00", "Contents": "", "Attachments": ""},
{"ID": 830958294726213652, "Timestamp": "2021-04-12 00:11:35", "Contents": "", "Attachments": ""},
{"ID": 777262507634196512, "Timestamp": "2020-11-14 20:03:42", "Contents": "", "Attachments": "https://cdn.discordapp.com/attachments/707700272033693939/777262507466555452/logo_unicamp_racing.png?ex=0&is=6891615b&hm=b27cf7043da037c7fcad9edf7560b707b9fbf7bc592c55d7e23398cd165fda54&uc=dp&"},
{"ID": 777262375920599100, "Timestamp": "2020-11-14 20:03:11", "Contents": "", "Attachments": "https://cdn.discordapp.com/attachments/707700272033693939/777262375677591552/banner-rifa-outubro-rosa.png?ex=0&is=6891615b&hm=40cf80b27b046e0cbfa85dd22c8de5e6b6899c3664d0882c4f1d3e5db489edbb&uc=dp&"},
{"ID": 777262221599965234, "Timestamp": "2020-11-14 20:02:34", "Contents": "", "Attachments": "https://cdn.discordapp.com/attachments/707700272033693939/777262221335986226/blueprint_a4.png?ex=0&is=6891615b&hm=39ada53d8da7d5246fd1e178314b8341de36aec6a26c03128e75ca0c4722faeb&uc=dp&"},
{"ID": 777262203333509170, "Timestamp": "2020-11-14 20:02:30", "Contents": "", "Attachments": "https://cdn.discordapp.com/attachments/707700272033693939/777262203103346728/carro1.png?ex=0&is=6891615b&hm=fde2cc2bbd0131c51ca0b63243e9baddea1850954250b13e99d7337a267fd01b&uc=dp&"},
{"ID": 777262181292441650, "Timestamp": "2020-11-14 20:02:24", "Contents": "", "Attachments": "https://cdn.discordapp.com/attachments/707700272033693939/777262180990582826/WhatsApp_Image_2019-08-16_at_18.12.33.jpeg?ex=0&is=6891615b&hm=498d523c69ffb61cbd8d100e8c1e765bc4eb014d4c44e59ff437e5cfa892ee44&uc=dp&"},
{"ID": 777258470306480140, "Timestamp": "2020-11-14 19:47:40", "Contents": "", "Attachments": ""},
{"ID": 763180430282588200, "Timestamp": "2020-10-06 23:26:33", "Contents": "https://discord.gg/rzpQHq", "Attachments": ""},
{"ID": 763179734829367307, "Timestamp": "2020-10-06 23:23:47", "Contents": "https://discord.gg/rzpQHq", "Attachments": ""},
{"ID": 758433023338348555, "Timestamp": "2020-09-23 21:02:03", "Contents": "ahhhhhh", "Attachments": ""},
{"ID": 758409467561246740, "Timestamp": "2020-09-23 19:28:27", "Contents": "q carai", "Attachments": ""},
{"ID": 758405315627712612, "Timestamp": "2020-09-23 19:11:57", "Contents": "o q vc t falando ?", "Attachments": ""},
{"ID": 758404783165669477, "Timestamp": "2020-09-23 19:09:50", "Contents": "ta muito baixo", "Attachments": ""},
{"ID": 758404639422152715, "Timestamp": "2020-09-23 19:09:16", "Contents": "n to ouvindo", "Attachments": ""},
{"ID": 758404540176924782, "Timestamp": "2020-09-23 19:08:52", "Contents": "baixo", "Attachments": ""},
{"ID": 758404480709427242, "Timestamp": "2020-09-23 19:08:38", "Contents": "ta baixo", "Attachments": ""},
{"ID": 758397258872913981, "Timestamp": "2020-09-23 18:39:56", "Contents": "", "Attachments": ""},
{"ID": 758071906065842197, "Timestamp": "2020-09-22 21:07:06", "Contents": "https://meet.google.com/aqu-embm-ipv", "Attachments": ""},
{"ID": 745337774508474450, "Timestamp": "2020-08-18 17:46:13", "Contents": "Chamei", "Attachments": ""},
{"ID": 745336512920420523, "Timestamp": "2020-08-18 17:41:12", "Contents": "Ela vai perceber", "Attachments": ""},
{"ID": 745336495438823582, "Timestamp": "2020-08-18 17:41:08", "Contents": "Mas eu tô no carro", "Attachments": ""},
{"ID": 745336416694960149, "Timestamp": "2020-08-18 17:40:49", "Contents": "Se bebe", "Attachments": ""},
{"ID": 745336390136627310, "Timestamp": "2020-08-18 17:40:43", "Contents": "Mano n to entendo essa parte", "Attachments": ""},
{"ID": 745336313724534870, "Timestamp": "2020-08-18 17:40:24", "Contents": "Eu chamar ela??", "Attachments": ""},
{"ID": 745336114214338681, "Timestamp": "2020-08-18 17:39:37", "Contents": "Q?", "Attachments": ""},
{"ID": 745336063974703191, "Timestamp": "2020-08-18 17:39:25", "Contents": "Vc quer gravar a sua tela", "Attachments": ""},
{"ID": 745336014083457084, "Timestamp": "2020-08-18 17:39:13", "Contents": "Caralho", "Attachments": ""},
{"ID": 745335826535284807, "Timestamp": "2020-08-18 17:38:28", "Contents": "", "Attachments": ""},
{"ID": 737823709267755120, "Timestamp": "2020-07-29 00:08:00", "Contents": "to  aqui", "Attachments": ""},
{"ID": 721150408499789828, "Timestamp": "2020-06-12 23:54:15", "Contents": "", "Attachments": ""},
{"ID": 707944904332017685, "Timestamp": "2020-05-07 13:20:18", "Contents": "", "Attachments": ""},
{"ID": 707944876582371379, "Timestamp": "2020-05-07 13:20:11", "Contents": "nao", "Attachments": ""},
{"ID": 707944866675687424, "Timestamp": "2020-05-07 13:20:09", "Contents": "ta me ouvindo ?", "Attachments": ""},
{"ID": 707941691671314482, "Timestamp": "2020-05-07 13:07:32", "Contents": "https://mega.nz/file/4bYEwY4B#MgxAjtkpHyw5YfOXbLoLFz9tV4edNlIVFM7vizkmvos", "Attachments": ""},
{"ID": 707941621504671744, "Timestamp": "2020-05-07 13:07:15", "Contents": "https://www.microsoft.com/en-us/download/details.aspx?id=40784", "Attachments": ""},
{"ID": 707930624865861702, "Timestamp": "2020-05-07 12:23:33", "Contents": "davi", "Attachments": ""},
{"ID": 707930613725790240, "Timestamp": "2020-05-07 12:23:31", "Contents": "ouvindo ?", "Attachments": ""},
{"ID": 707926793054716015, "Timestamp": "2020-05-07 12:08:20", "Contents": "eu n to te ouvindo", "Attachments": ""},
{"ID": 707925848468226138, "Timestamp": "2020-05-07 12:04:34", "Contents": "+.+", "Attachments": ""},
{"ID": 707925802808901702, "Timestamp": "2020-05-07 12:04:24", "Contents": "vc esta me ouvindo ?", "Attachments": ""},
{"ID": 707923619828858940, "Timestamp": "2020-05-07 11:55:43", "Contents": "", "Attachments": ""},
{"ID": 707922802996412427, "Timestamp": "2020-05-07 11:52:28", "Contents": "to aqui", "Attachments": ""}
]