[
{"ID": 883057676723048469, "Timestamp": "2021-09-02 18:35:56", "Contents": "pergunta se ta em pira  pra ver o chasssi?", "Attachments": ""},
{"ID": 867190774395699250, "Timestamp": "2021-07-20 23:46:32", "Contents": "", "Attachments": "https://cdn.discordapp.com/attachments/825897774519681105/867190774230941706/Horarios_de_Atividadde_-_Pagina1.pdf?ex=0&is=68916187&hm=7887c94b971d9898ba4708167e559aab2deabc1e994d67b75311f9421d1a02fe&uc=dp&"},
{"ID": 867190757075976223, "Timestamp": "2021-07-20 23:46:28", "Contents": "", "Attachments": "https://cdn.discordapp.com/attachments/825897774519681105/867190756850270238/Planejamento_de_costrucao.xlsx?ex=0&is=68916187&hm=ccca4b58bebb7a6045c2ec240e82043ef9175fcb251a0ad4ba90420af97f0048&uc=dp&"},
{"ID": 842917606763134976, "Timestamp": "2021-05-15 00:13:38", "Contents": "", "Attachments": ""},
{"ID": 832759023765028874, "Timestamp": "2021-04-16 23:27:03", "Contents": "", "Attachments": ""},
{"ID": 832754044241838101, "Timestamp": "2021-04-16 23:07:15", "Contents": "", "Attachments": ""},
{"ID": 828459724910362655, "Timestamp": "2021-04-05 02:43:10", "Contents": "7", "Attachments": ""},
{"ID": 828419674001375282, "Timestamp": "2021-04-05 00:04:01", "Contents": "", "Attachments": "https://cdn.discordapp.com/attachments/825897774519681105/828419673443270656/20210404_210451.jpg?ex=0&is=68916161&hm=d7338d50429f698a81594636796a2b5324eed3e861b86a9871f51c34315ab9ef&uc=dp&"},
{"ID": 828416447578374164, "Timestamp": "2021-04-04 23:51:12", "Contents": "https://datasheetspdf.com/pdf-file/1287253/WON-TOP/BZX84B7V5/1", "Attachments": ""},
{"ID": 825902900487782400, "Timestamp": "2021-03-29 01:23:16", "Contents": "DISPOSITIVOS Eletrônicos e Teoria de Circuitos. 11ª Edição. ed. rev. [S. l.]: Pearson, 2013. 780 p.", "Attachments": ""},
{"ID": 825902308511580201, "Timestamp": "2021-03-29 01:20:54", "Contents": "VISHAY. Small Signal Fast Switching Diodes: 1N4148. In: Small Signal Fast Switching Diodes. 1. [S. l.], 2021. Disponível em: https://www.vishay.com/docs/81857/1n4148.pdf. Acesso em: 28 mar. 2021.", "Attachments": ""},
{"ID": 825900809078308945, "Timestamp": "2021-03-29 01:14:57", "Contents": "https://www.vishay.com/docs/81857/1n4148.pdf", "Attachments": ""}
]