[
{"ID": 746163794572476487, "Timestamp": "2020-08-21 00:28:31", "Contents": "huahauhauhauhauhauhauhauahuahuahauhauhauhauhauah da sss", "Attachments": ""},
{"ID": 745768163894886410, "Timestamp": "2020-08-19 22:16:25", "Contents": "amem então", "Attachments": ""},
{"ID": 745767879525531729, "Timestamp": "2020-08-19 22:15:18", "Contents": "huhauhauhauhauhauhauahuahua", "Attachments": ""},
{"ID": 745766443295178832, "Timestamp": "2020-08-19 22:09:35", "Contents": "se tem o pau sagrado man", "Attachments": ""},
{"ID": 745766395223998525, "Timestamp": "2020-08-19 22:09:24", "Contents": "uahauhauhauahuahaua", "Attachments": ""},
{"ID": 745753759363366951, "Timestamp": "2020-08-19 21:19:11", "Contents": "ta raro isso rapaz hauhauhauhauhauhaua", "Attachments": ""},
{"ID": 745750576498999446, "Timestamp": "2020-08-19 21:06:32", "Contents": "e vc ?", "Attachments": ""},
{"ID": 745750561252442165, "Timestamp": "2020-08-19 21:06:29", "Contents": "mães solteiras hauhauhauhauahuahua", "Attachments": ""},
{"ID": 745747222435594381, "Timestamp": "2020-08-19 20:53:13", "Contents": "hello friend", "Attachments": ""}
]