[
{"ID": 753818881130496090, "Timestamp": "2020-09-11 03:27:06", "Contents": "https://www.facebook.com/DestroyerOfLife1/videos/1228911840643982/", "Attachments": ""},
{"ID": 753818623528665208, "Timestamp": "2020-09-11 03:26:05", "Contents": "https://www.facebook.com/ihabenomemes/videos/3406888616002617/", "Attachments": ""},
{"ID": 753817888602849382, "Timestamp": "2020-09-11 03:23:09", "Contents": "https://www.facebook.com/watch/?v=568799926842491", "Attachments": ""},
{"ID": 753817494430679051, "Timestamp": "2020-09-11 03:21:35", "Contents": "https://www.facebook.com/watch/?v=437093460572157", "Attachments": ""},
{"ID": 753816954900578364, "Timestamp": "2020-09-11 03:19:27", "Contents": "https://www.facebook.com/groups/2316679071994388/permalink/2575759022753057/", "Attachments": ""},
{"ID": 753816535352737923, "Timestamp": "2020-09-11 03:17:47", "Contents": "https://www.facebook.com/watch/?v=2454137311498097", "Attachments": ""},
{"ID": 753816401621418056, "Timestamp": "2020-09-11 03:17:15", "Contents": "https://www.facebook.com/watch/?v=584793429097964", "Attachments": ""},
{"ID": 753814803050397767, "Timestamp": "2020-09-11 03:10:54", "Contents": "https://www.youtube.com/watch?v=T_HCjihcDsQ&feature=youtu.be&fbclid=IwAR3lqv1kp75ezsRbzPbig0FVeUchXkinHB6bW2tQJlwkm3fvisedo2egfN8&ab_channel=RABISCO", "Attachments": ""},
{"ID": 753814657721958471, "Timestamp": "2020-09-11 03:10:19", "Contents": "https://www.facebook.com/peixeaqutico/videos/vb.1233081544/10213065221685205/?type=2&video_source=user_video_tab", "Attachments": ""},
{"ID": 753813881255886909, "Timestamp": "2020-09-11 03:07:14", "Contents": "https://www.facebook.com/peixeaqutico/videos/10218298652237698/?__tn__=%2CdCH-R-R&eid=ARDTDiDglAKz4ZGtF1E5D87nSIZ3y9pvCHYFGLWDqYCktv_Spsevg02qT9XBRHPMNitgcb_Vc1hMg6mN&hc_ref=ARS--E8VdG_ccpQpSl1MXZDBZaFXEzdtsEFdVOqBpUrMQD0rPkUpQWPtlW66EzZtJN0&fref=nf", "Attachments": ""},
{"ID": 753810013985701918, "Timestamp": "2020-09-11 02:51:52", "Contents": "https://www.youtube.com/watch?v=l5hvakZf8qw&ab_channel=HermeseRenatoOficial", "Attachments": ""},
{"ID": 753798998615130172, "Timestamp": "2020-09-11 02:08:06", "Contents": "https://store.playstation.com/pt-br/product/UP2026-CUSA05336_00-4507189864048395", "Attachments": ""},
{"ID": 753798957158891530, "Timestamp": "2020-09-11 02:07:56", "Contents": "https://store.playstation.com/pt-br/product/UP2026-NPUB50412_00-BATBUNDLE0000000", "Attachments": ""},
{"ID": 753788330419814419, "Timestamp": "2020-09-11 01:25:42", "Contents": "", "Attachments": ""},
{"ID": 753788263252361227, "Timestamp": "2020-09-11 01:25:26", "Contents": "HEY", "Attachments": ""},
{"ID": 742827601399382019, "Timestamp": "2020-08-11 19:31:41", "Contents": "ai chorei", "Attachments": ""},
{"ID": 742827565785284642, "Timestamp": "2020-08-11 19:31:32", "Contents": "é n", "Attachments": ""},
{"ID": 742827471770091654, "Timestamp": "2020-08-11 19:31:10", "Contents": "n", "Attachments": ""},
{"ID": 742827248691838996, "Timestamp": "2020-08-11 19:30:17", "Contents": "n é difícil", "Attachments": ""},
{"ID": 742827211383635980, "Timestamp": "2020-08-11 19:30:08", "Contents": "pq eu sou burro", "Attachments": ""},
{"ID": 742827068500213800, "Timestamp": "2020-08-11 19:29:34", "Contents": "to triste", "Attachments": ""},
{"ID": 742827026427281488, "Timestamp": "2020-08-11 19:29:24", "Contents": "nn", "Attachments": ""},
{"ID": 742826946928574557, "Timestamp": "2020-08-11 19:29:05", "Contents": "dps faz", "Attachments": ""},
{"ID": 742826707198935138, "Timestamp": "2020-08-11 19:28:08", "Contents": "`-´", "Attachments": ""},
{"ID": 742826560326860879, "Timestamp": "2020-08-11 19:27:33", "Contents": "bem vindo ao teste haahuahuahuaa", "Attachments": ""},
{"ID": 742826241744437248, "Timestamp": "2020-08-11 19:26:17", "Contents": "é um teste de ingles", "Attachments": ""},
{"ID": 742826189256655026, "Timestamp": "2020-08-11 19:26:04", "Contents": "uhuhuhuhu", "Attachments": ""},
{"ID": 742826049821343925, "Timestamp": "2020-08-11 19:25:31", "Contents": "??????????????", "Attachments": ""},
{"ID": 742826010470383736, "Timestamp": "2020-08-11 19:25:21", "Contents": "q?", "Attachments": ""},
{"ID": 742825650347442188, "Timestamp": "2020-08-11 19:23:56", "Contents": "eu sou burro", "Attachments": ""},
{"ID": 742825500015198301, "Timestamp": "2020-08-11 19:23:20", "Contents": "dps vc faz", "Attachments": ""},
{"ID": 742824603969126618, "Timestamp": "2020-08-11 19:19:46", "Contents": "versao de  computador", "Attachments": ""},
{"ID": 742824482686894151, "Timestamp": "2020-08-11 19:19:17", "Contents": "muda o modo", "Attachments": ""},
{"ID": 742824147889029262, "Timestamp": "2020-08-11 19:17:57", "Contents": "ownt", "Attachments": ""},
{"ID": 742824087298113579, "Timestamp": "2020-08-11 19:17:43", "Contents": "faz ae", "Attachments": ""},
{"ID": 742823717469421580, "Timestamp": "2020-08-11 19:16:15", "Contents": "faz ai", "Attachments": ""},
{"ID": 742823668509442159, "Timestamp": "2020-08-11 19:16:03", "Contents": "https://englishtest.duolingo.com/quick", "Attachments": ""},
{"ID": 742823625605906514, "Timestamp": "2020-08-11 19:15:53", "Contents": "jisjsijsijsijs", "Attachments": ""},
{"ID": 742823568508846090, "Timestamp": "2020-08-11 19:15:39", "Contents": "bundona", "Attachments": ""},
{"ID": 742823494177521817, "Timestamp": "2020-08-11 19:15:22", "Contents": "vc tem medo ?", "Attachments": ""},
{"ID": 742823431275282533, "Timestamp": "2020-08-11 19:15:07", "Contents": "?", "Attachments": ""},
{"ID": 742823423901958335, "Timestamp": "2020-08-11 19:15:05", "Contents": "pq aviao °", "Attachments": ""},
{"ID": 742823406642135151, "Timestamp": "2020-08-11 19:15:01", "Contents": "prova de ingres", "Attachments": ""},
{"ID": 742823293719019580, "Timestamp": "2020-08-11 19:14:34", "Contents": "mano nao consigo tirar nota no simulador", "Attachments": ""},
{"ID": 742823178283253801, "Timestamp": "2020-08-11 19:14:06", "Contents": "mano eu devo ser retardado", "Attachments": ""},
{"ID": 742798298548797470, "Timestamp": "2020-08-11 17:35:14", "Contents": "iaiajaijaijaijaijaijaijaa", "Attachments": ""},
{"ID": 742793966340014100, "Timestamp": "2020-08-11 17:18:02", "Contents": "ahuahuahauhauhauhauahuaauhauha", "Attachments": ""},
{"ID": 742793786098450452, "Timestamp": "2020-08-11 17:17:19", "Contents": "hauhauahuahha so vc", "Attachments": ""},
{"ID": 742793770386587779, "Timestamp": "2020-08-11 17:17:15", "Contents": "meuuu", "Attachments": ""},
{"ID": 742790873410175116, "Timestamp": "2020-08-11 17:05:44", "Contents": "meuuuuu ahauahuahuahuahuahuahuahau", "Attachments": ""},
{"ID": 742790641381146685, "Timestamp": "2020-08-11 17:04:49", "Contents": "no q  ?", "Attachments": ""},
{"ID": 742790566395510927, "Timestamp": "2020-08-11 17:04:31", "Contents": "?", "Attachments": ""},
{"ID": 742785995136565299, "Timestamp": "2020-08-11 16:46:21", "Contents": "hauahuhauahu", "Attachments": ""},
{"ID": 742568965032771665, "Timestamp": "2020-08-11 02:23:57", "Contents": "so na velocidade bb", "Attachments": ""},
{"ID": 740738615969054743, "Timestamp": "2020-08-06 01:10:48", "Contents": "https://www.shemmassianconsulting.com/blog/college-essay-examples", "Attachments": ""},
{"ID": 740738036844855330, "Timestamp": "2020-08-06 01:08:30", "Contents": "Brazil. The big country , home of the soccer, melting pot of cultures. The country where I was born and raised, where I developed my identity encompassed by cultural diversity and financial adversity. The city where I came face to face with the hardships of life, experienced by both me and those around me.", "Attachments": ""},
{"ID": 740737916195700876, "Timestamp": "2020-08-06 01:08:01", "Contents": "https://www.internationalstudent.com/essay_writing/college_essay/", "Attachments": ""},
{"ID": 738262829249069267, "Timestamp": "2020-07-30 05:12:54", "Contents": "to fazendo altas contas aqui", "Attachments": ""},
{"ID": 738262793337307216, "Timestamp": "2020-07-30 05:12:46", "Contents": "mano e eu tambem n sei", "Attachments": ""},
{"ID": 738262585954140213, "Timestamp": "2020-07-30 05:11:56", "Contents": "bhaa", "Attachments": ""},
{"ID": 738262579088064564, "Timestamp": "2020-07-30 05:11:55", "Contents": "uahuahuahauhauhaua", "Attachments": ""},
{"ID": 738262420140589099, "Timestamp": "2020-07-30 05:11:17", "Contents": "n canadense", "Attachments": ""},
{"ID": 738262396438577182, "Timestamp": "2020-07-30 05:11:11", "Contents": "norte americano", "Attachments": ""},
{"ID": 738262305153876109, "Timestamp": "2020-07-30 05:10:49", "Contents": "é tipo nota equivalente ao do americono", "Attachments": ""},
{"ID": 738262189991002182, "Timestamp": "2020-07-30 05:10:22", "Contents": "calcular gpa", "Attachments": ""},
{"ID": 738261899107500162, "Timestamp": "2020-07-30 05:09:12", "Contents": "isso é putaria com os brasileiros", "Attachments": ""},
{"ID": 738261799513751553, "Timestamp": "2020-07-30 05:08:49", "Contents": "n tem historico ae?", "Attachments": ""},
{"ID": 738261758979997737, "Timestamp": "2020-07-30 05:08:39", "Contents": "o caralho", "Attachments": ""},
{"ID": 738261321061105737, "Timestamp": "2020-07-30 05:06:55", "Contents": "acho melhor ano passado", "Attachments": ""},
{"ID": 738261292350963733, "Timestamp": "2020-07-30 05:06:48", "Contents": "ou ano passado", "Attachments": ""},
{"ID": 738261266870697994, "Timestamp": "2020-07-30 05:06:42", "Contents": "desse ano", "Attachments": ""},
{"ID": 738261244565389385, "Timestamp": "2020-07-30 05:06:36", "Contents": "o meu n tem", "Attachments": ""},
{"ID": 738261205679865926, "Timestamp": "2020-07-30 05:06:27", "Contents": "do ensino medio", "Attachments": ""},
{"ID": 738261187304882217, "Timestamp": "2020-07-30 05:06:23", "Contents": "ss", "Attachments": ""},
{"ID": 738261183831867475, "Timestamp": "2020-07-30 05:06:22", "Contents": "q tenha a carga horaria", "Attachments": ""},
{"ID": 738261144606605363, "Timestamp": "2020-07-30 05:06:13", "Contents": "alias me manda seu boletim", "Attachments": ""},
{"ID": 738261118903910440, "Timestamp": "2020-07-30 05:06:06", "Contents": "é duas hora da manha e eu quero calcular meu gpa", "Attachments": ""},
{"ID": 738260996279238776, "Timestamp": "2020-07-30 05:05:37", "Contents": "day o q vc usou ?", "Attachments": ""},
{"ID": 738260882504548393, "Timestamp": "2020-07-30 05:05:10", "Contents": "q", "Attachments": ""},
{"ID": 738260743132282922, "Timestamp": "2020-07-30 05:04:37", "Contents": "oi", "Attachments": ""},
{"ID": 738253435727773736, "Timestamp": "2020-07-30 04:35:35", "Contents": "mamo", "Attachments": ""},
{"ID": 707089504418136084, "Timestamp": "2020-05-05 04:41:14", "Contents": "ahuhauha ss", "Attachments": ""},
{"ID": 706537050144243763, "Timestamp": "2020-05-03 16:05:59", "Contents": "", "Attachments": "https://cdn.discordapp.com/attachments/706534806208512040/706537049615761438/WhatsApp_Image_2019-09-07_at_09.32.33.jpeg?ex=0&is=68916157&hm=66524f8e926f4af5abd27127da74baef5dd6a9469569cfa07008cb5bb7d4376b&uc=dp&"},
{"ID": 706535127244734534, "Timestamp": "2020-05-03 15:58:21", "Contents": "", "Attachments": "https://cdn.discordapp.com/attachments/706534806208512040/706535127022436412/WhatsApp_Image_2019-09-07_at_09.32.33.jpeg?ex=0&is=68916157&hm=02a8aa4bd3883645c4fdfe2f05f8350443967a03975a0a67f8c1ca7d52cb93a4&uc=dp&"},
{"ID": 706534841935724546, "Timestamp": "2020-05-03 15:57:13", "Contents": "", "Attachments": ""}
]