[
{"ID": 877726914800914512, "Timestamp": "2021-08-19 01:33:23", "Contents": "eu nao", "Attachments": ""},
{"ID": 877708214840475698, "Timestamp": "2021-08-19 00:19:05", "Contents": "chatos", "Attachments": ""},
{"ID": 877698343185313803, "Timestamp": "2021-08-18 23:39:51", "Contents": "vamos jogar o tempo é curto", "Attachments": ""},
{"ID": 877697416088915998, "Timestamp": "2021-08-18 23:36:10", "Contents": "oi", "Attachments": ""},
{"ID": 778446180820320278, "Timestamp": "2020-11-18 02:27:12", "Contents": "https://www.youtube.com/watch?v=fz13_ZjDs2M", "Attachments": ""},
{"ID": 778445284568727623, "Timestamp": "2020-11-18 02:23:38", "Contents": "https://www.youtube.com/watch?v=gJLIiF15wjQ&ab_channel=SpiceGirlsVEVO", "Attachments": ""},
{"ID": 778443684491427880, "Timestamp": "2020-11-18 02:17:17", "Contents": "", "Attachments": "https://cdn.discordapp.com/attachments/707700682446209136/778443684328112148/5a566de08b36e_1.webp?ex=0&is=689161c2&hm=b52d5c37e337ddb370e36ad122b64de54eb9bdbb916ae2a7f4fa175664d8b9ba&uc=dp&"},
{"ID": 778441803635490886, "Timestamp": "2020-11-18 02:09:48", "Contents": "", "Attachments": "https://cdn.discordapp.com/attachments/707700682446209136/778441803359059978/images.jpg?ex=0&is=689161c2&hm=7c6ad00c015fe2389d0c90e3731fee9d1269a65fce9ffb8544970c3728915aa1&uc=dp&"},
{"ID": 778440645303205921, "Timestamp": "2020-11-18 02:05:12", "Contents": "", "Attachments": "https://cdn.discordapp.com/attachments/707700682446209136/778440644800544798/8-14.jpg?ex=0&is=689161c2&hm=6799a96121b4f20f69cc83a830d3eb4ee453c7c5f90e28dbedb3c22f51a004a3&uc=dp&"},
{"ID": 778427858506088448, "Timestamp": "2020-11-18 01:14:23", "Contents": "", "Attachments": ""},
{"ID": 775118322227478528, "Timestamp": "2020-11-08 22:03:29", "Contents": "Radavi", "Attachments": ""},
{"ID": 775108764293529610, "Timestamp": "2020-11-08 21:25:30", "Contents": "😦", "Attachments": ""},
{"ID": 775088943817293855, "Timestamp": "2020-11-08 20:06:44", "Contents": "dani?", "Attachments": ""},
{"ID": 775086072551047209, "Timestamp": "2020-11-08 19:55:20", "Contents": "", "Attachments": "https://cdn.discordapp.com/attachments/707700682446209136/775086072308301824/download_1.jpg?ex=0&is=689161ac&hm=375f96792897233417d5c6621061146e42024d1a878619b86d7479c45b146be1&uc=dp&"},
{"ID": 771931018076749824, "Timestamp": "2020-10-31 02:58:16", "Contents": "https://www.youtube.com/watch?v=WnjYmGuw214", "Attachments": ""},
{"ID": 771884911946498048, "Timestamp": "2020-10-30 23:55:03", "Contents": "DOCVDF", "Attachments": ""},
{"ID": 771881073901961238, "Timestamp": "2020-10-30 23:39:48", "Contents": "", "Attachments": ""},
{"ID": 770102833021452329, "Timestamp": "2020-10-26 01:53:43", "Contents": "NTDGGF", "Attachments": ""},
{"ID": 770102611491684383, "Timestamp": "2020-10-26 01:52:50", "Contents": "", "Attachments": ""},
{"ID": 762113356596510741, "Timestamp": "2020-10-04 00:46:23", "Contents": "😦", "Attachments": ""},
{"ID": 762113095702675596, "Timestamp": "2020-10-04 00:45:21", "Contents": "reinicia o pc", "Attachments": ""},
{"ID": 762112853225373697, "Timestamp": "2020-10-04 00:44:23", "Contents": "vc", "Attachments": ""},
{"ID": 762112832446791720, "Timestamp": "2020-10-04 00:44:18", "Contents": "e a gente tambem n", "Attachments": ""},
{"ID": 762112749953089536, "Timestamp": "2020-10-04 00:43:58", "Contents": "oii", "Attachments": ""},
{"ID": 762111685166366741, "Timestamp": "2020-10-04 00:39:45", "Contents": "DAVO", "Attachments": ""},
{"ID": 756688088452825118, "Timestamp": "2020-09-19 01:28:18", "Contents": "https://krunker.io/", "Attachments": ""},
{"ID": 756687727621177374, "Timestamp": "2020-09-19 01:26:52", "Contents": "https://cprewritten.net/", "Attachments": ""},
{"ID": 756668939840258148, "Timestamp": "2020-09-19 00:12:13", "Contents": "Grupo do jogo Maluco", "Attachments": ""},
{"ID": 756667128358371348, "Timestamp": "2020-09-19 00:05:01", "Contents": "", "Attachments": ""},
{"ID": 737848511957172256, "Timestamp": "2020-07-29 01:46:33", "Contents": "", "Attachments": ""},
{"ID": 725516065697693766, "Timestamp": "2020-06-25 01:01:49", "Contents": "", "Attachments": ""},
{"ID": 725514880857276508, "Timestamp": "2020-06-25 00:57:07", "Contents": "", "Attachments": ""},
{"ID": 723727280701964349, "Timestamp": "2020-06-20 02:33:49", "Contents": "", "Attachments": ""},
{"ID": 723358051872276500, "Timestamp": "2020-06-19 02:06:38", "Contents": "", "Attachments": ""},
{"ID": 721149547593596999, "Timestamp": "2020-06-12 23:50:50", "Contents": "", "Attachments": ""},
{"ID": 707764556440666152, "Timestamp": "2020-05-07 01:23:39", "Contents": "", "Attachments": "https://cdn.discordapp.com/attachments/707700682446209136/707764556067242074/TS4-DDEv1.62.67-ElAmigos.torrent?ex=0&is=68916195&hm=f4e09bd467a1124b07e5679b1d5e5705b0c9fd0eb308437eec79528886d89052&uc=dp&"},
{"ID": 707761832215183371, "Timestamp": "2020-05-07 01:12:50", "Contents": "omg", "Attachments": ""},
{"ID": 707756200665546793, "Timestamp": "2020-05-07 00:50:27", "Contents": "morte a vcs", "Attachments": ""},
{"ID": 707756178515427378, "Timestamp": "2020-05-07 00:50:22", "Contents": "?????", "Attachments": ""},
{"ID": 707756144357277827, "Timestamp": "2020-05-07 00:50:14", "Contents": "alguem ta me ouvindo ?", "Attachments": ""},
{"ID": 707755957689647216, "Timestamp": "2020-05-07 00:49:29", "Contents": "to aqui", "Attachments": ""},
{"ID": 707755337599680553, "Timestamp": "2020-05-07 00:47:01", "Contents": "calma", "Attachments": ""},
{"ID": 707739641046106212, "Timestamp": "2020-05-06 23:44:39", "Contents": "muito", "Attachments": ""},
{"ID": 707739609890816090, "Timestamp": "2020-05-06 23:44:32", "Contents": "ta falhando", "Attachments": ""},
{"ID": 707738629384175636, "Timestamp": "2020-05-06 23:40:38", "Contents": "Unicamp Racing Team 1600", "Attachments": ""},
{"ID": 707700932573659151, "Timestamp": "2020-05-06 21:10:50", "Contents": "https://krunker.io/", "Attachments": ""},
{"ID": 707700684778242108, "Timestamp": "2020-05-06 21:09:51", "Contents": "", "Attachments": ""}
]