[
{"ID": 763180420048879626, "Timestamp": "2020-10-06 23:26:31", "Contents": "https://discord.gg/rzpQHq", "Attachments": ""},
{"ID": 763179744643907621, "Timestamp": "2020-10-06 23:23:50", "Contents": "https://discord.gg/rzpQHq", "Attachments": ""},
{"ID": 750856704027000842, "Timestamp": "2020-09-02 23:16:28", "Contents": "bebeu agua ?", "Attachments": ""},
{"ID": 737848463852568578, "Timestamp": "2020-07-29 01:46:22", "Contents": "ja bebeu agua", "Attachments": ""},
{"ID": 737848440079253626, "Timestamp": "2020-07-29 01:46:16", "Contents": "oi dani", "Attachments": ""}
]