[
{"ID": 771102602347151381, "Timestamp": "2020-10-28 20:06:26", "Contents": "https://discord.gg/xRUJ7b", "Attachments": ""},
{"ID": 763864639334383637, "Timestamp": "2020-10-08 20:45:21", "Contents": "", "Attachments": ""},
{"ID": 745053792805847181, "Timestamp": "2020-08-17 22:57:46", "Contents": "S2", "Attachments": ""},
{"ID": 745053057062273025, "Timestamp": "2020-08-17 22:54:51", "Contents": "o herick nada", "Attachments": ""},
{"ID": 745052969074163864, "Timestamp": "2020-08-17 22:54:30", "Contents": "?", "Attachments": ""}
]