[
{"ID": 944325018198868028, "Timestamp": "2022-02-18 20:10:29", "Contents": "https://excel24horas.com.br/como-remover-o-primeiro-caractere-de-uma-celula-no-excel/", "Attachments": ""},
{"ID": 944320972880740423, "Timestamp": "2022-02-18 19:54:24", "Contents": "to on", "Attachments": ""},
{"ID": 887479027315658802, "Timestamp": "2021-09-14 23:24:48", "Contents": "https://gartic.com.br/038836391", "Attachments": ""},
{"ID": 887455690623451137, "Timestamp": "2021-09-14 21:52:04", "Contents": "https://gartic.com.br/038834257", "Attachments": ""},
{"ID": 887455316898373693, "Timestamp": "2021-09-14 21:50:35", "Contents": "", "Attachments": ""},
{"ID": 887195577048252446, "Timestamp": "2021-09-14 04:38:28", "Contents": "https://produto.mercadolivre.com.br/MLB-1951345984-mini-umidificador-difusor-ar-portatil-usb-casa-carro-apt-_JM#position=30&search_layout=stack&type=pad&tracking_id=516f3567-c7bd-473b-982b-7d417368795a&is_advertising=true&ad_domain=VQCATCORE_LST&ad_position=30&ad_click_id=YmU5NDViMDEtMmNhOS00MmI0LWJiYjYtN2NmODVmMzVlZTEw", "Attachments": ""},
{"ID": 887187780281729075, "Timestamp": "2021-09-14 04:07:29", "Contents": "https://produto.mercadolivre.com.br/MLB-1927782360-luminaria-abajur-umidificador-de-ar-planeta-saturno-3d-_JM?searchVariation=89014966432#searchVariation=89014966432&position=18&search_layout=stack&type=item&tracking_id=a594e93b-b5bf-45b2-a9e2-de2f7fb7da92", "Attachments": ""},
{"ID": 887177810047823872, "Timestamp": "2021-09-14 03:27:52", "Contents": "https://gartic.com.br/038825055", "Attachments": ""},
{"ID": 887163897289797702, "Timestamp": "2021-09-14 02:32:35", "Contents": "https://gartic.com.br/038823812", "Attachments": ""},
{"ID": 887162466872750080, "Timestamp": "2021-09-14 02:26:54", "Contents": "agar.io/#SA344Y", "Attachments": ""},
{"ID": 887157820917686332, "Timestamp": "2021-09-14 02:08:27", "Contents": "agar.io/#7X3LL5", "Attachments": ""},
{"ID": 887157286496243732, "Timestamp": "2021-09-14 02:06:19", "Contents": "agar.io/#SA344Y", "Attachments": ""},
{"ID": 887155861640863745, "Timestamp": "2021-09-14 02:00:39", "Contents": "", "Attachments": ""},
{"ID": 887003700185399406, "Timestamp": "2021-09-13 15:56:01", "Contents": "Naoooo", "Attachments": ""},
{"ID": 887003306617094164, "Timestamp": "2021-09-13 15:54:28", "Contents": "", "Attachments": ""},
{"ID": 887003085090721894, "Timestamp": "2021-09-13 15:53:35", "Contents": "Carma", "Attachments": ""},
{"ID": 885713334182232074, "Timestamp": "2021-09-10 02:28:34", "Contents": "https://gartic.com.br/038737702", "Attachments": ""},
{"ID": 885705067271962645, "Timestamp": "2021-09-10 01:55:43", "Contents": "https://gartic.com.br/038736832", "Attachments": ""},
{"ID": 885701098516656198, "Timestamp": "2021-09-10 01:39:57", "Contents": "", "Attachments": ""},
{"ID": 885630485571711016, "Timestamp": "2021-09-09 20:59:21", "Contents": "dormi", "Attachments": ""},
{"ID": 885572812423704577, "Timestamp": "2021-09-09 17:10:11", "Contents": "se eu nao matar a menina sim", "Attachments": ""},
{"ID": 885572768408698891, "Timestamp": "2021-09-09 17:10:01", "Contents": "num sei", "Attachments": ""},
{"ID": 885572323749543986, "Timestamp": "2021-09-09 17:08:15", "Contents": "vorta entao", "Attachments": ""},
{"ID": 885571604430602312, "Timestamp": "2021-09-09 17:05:23", "Contents": "00", "Attachments": ""},
{"ID": 885571219678703686, "Timestamp": "2021-09-09 17:03:51", "Contents": "aline peperoni", "Attachments": ""},
{"ID": 885385937561997333, "Timestamp": "2021-09-09 04:47:37", "Contents": "https://gartic.com.br/038721112", "Attachments": ""},
{"ID": 885373257501507644, "Timestamp": "2021-09-09 03:57:14", "Contents": "https://gartic.com.br/038720470", "Attachments": ""},
{"ID": 885372586995900456, "Timestamp": "2021-09-09 03:54:34", "Contents": "", "Attachments": ""},
{"ID": 885372547514925156, "Timestamp": "2021-09-09 03:54:24", "Contents": "me respeita", "Attachments": ""},
{"ID": 885372461040947201, "Timestamp": "2021-09-09 03:54:04", "Contents": "a senha é pepinodenovo", "Attachments": ""},
{"ID": 885372396222156831, "Timestamp": "2021-09-09 03:53:48", "Contents": "https://gartic.com.br/038720426", "Attachments": ""},
{"ID": 795786890526982165, "Timestamp": "2021-01-04 22:52:59", "Contents": "https://antigo.anatel.gov.br/celularlegal/imei", "Attachments": ""},
{"ID": 795786704325443624, "Timestamp": "2021-01-04 22:52:15", "Contents": "https://www.consultaserialaparelho.com.br/public-web/homeSiga", "Attachments": ""},
{"ID": 795786365223567361, "Timestamp": "2021-01-04 22:50:54", "Contents": "provavelmente", "Attachments": ""},
{"ID": 795786282848485398, "Timestamp": "2021-01-04 22:50:34", "Contents": "vai dar certo", "Attachments": ""},
{"ID": 795786182863618099, "Timestamp": "2021-01-04 22:50:10", "Contents": "hauhauhauahuahuahuahuaha", "Attachments": ""},
{"ID": 795784305850449950, "Timestamp": "2021-01-04 22:42:43", "Contents": "", "Attachments": "https://cdn.discordapp.com/attachments/776617408335970304/795784305585553468/unknown.png?ex=0&is=689161ac&hm=509dcb546ccbb53d813d917a7e33c467792892832b8a11d5114955847a62fe31&uc=dp&"},
{"ID": 795779429238440017, "Timestamp": "2021-01-04 22:23:20", "Contents": "", "Attachments": ""},
{"ID": 795777420087001109, "Timestamp": "2021-01-04 22:15:21", "Contents": "Da 10 minutos", "Attachments": ""},
{"ID": 795777390634729533, "Timestamp": "2021-01-04 22:15:14", "Contents": "Claro miga", "Attachments": ""},
{"ID": 795777273667256370, "Timestamp": "2021-01-04 22:14:46", "Contents": "Tenho q guardar a louça", "Attachments": ""},
{"ID": 795777158488129597, "Timestamp": "2021-01-04 22:14:19", "Contents": "Digaaa", "Attachments": ""},
{"ID": 783509291054923806, "Timestamp": "2020-12-02 01:46:11", "Contents": "", "Attachments": ""},
{"ID": 781679524529569812, "Timestamp": "2020-11-27 00:35:21", "Contents": "https://krunker.io/", "Attachments": ""},
{"ID": 781666854711197699, "Timestamp": "2020-11-26 23:45:00", "Contents": "", "Attachments": ""},
{"ID": 780978736492576780, "Timestamp": "2020-11-25 02:10:40", "Contents": "", "Attachments": ""},
{"ID": 780978716594929695, "Timestamp": "2020-11-25 02:10:35", "Contents": "samba", "Attachments": ""},
{"ID": 780978707242024971, "Timestamp": "2020-11-25 02:10:33", "Contents": "nao te escuto", "Attachments": ""},
{"ID": 780978681094864926, "Timestamp": "2020-11-25 02:10:27", "Contents": "Migaaa", "Attachments": ""},
{"ID": 780960930154151976, "Timestamp": "2020-11-25 00:59:55", "Contents": "https://produto.mercadolivre.com.br/MLB-1688557728-adaptador-divisor-duplicador-hdmi-1-macho-2-fmea-1x2-switch-_JM?matt_tool=79246729&matt_word=&matt_source=google&matt_campaign_id=6542746973&matt_ad_group_id=82254694281&matt_match_type=&matt_network=u&matt_device=c&matt_creative=385099301982&matt_keyword=&matt_ad_position=&matt_ad_type=&matt_merchant_id=152632351&matt_product_id=MLB1688557728&matt_product_partition_id=358100206245&matt_target_id=pla-358100206245&gclid=CjwKCAiA-_L9BRBQEiwA-bm5fobl99Tdape8ssuj5MAyoUS8_D3xKzU2z2QeOWIxiX5jUKpnVGd55RoCp9IQAvD_BwE", "Attachments": ""},
{"ID": 780954719290916895, "Timestamp": "2020-11-25 00:35:14", "Contents": "", "Attachments": ""},
{"ID": 778810149418565642, "Timestamp": "2020-11-19 02:33:29", "Contents": "ae vi responsa", "Attachments": ""},
{"ID": 778810048687374348, "Timestamp": "2020-11-19 02:33:05", "Contents": "nao ta dando liga", "Attachments": ""},
{"ID": 778810028446056458, "Timestamp": "2020-11-19 02:33:00", "Contents": "ss", "Attachments": ""},
{"ID": 778809013256323072, "Timestamp": "2020-11-19 02:28:58", "Contents": "grossa", "Attachments": ""},
{"ID": 778808645689278474, "Timestamp": "2020-11-19 02:27:30", "Contents": "?", "Attachments": ""},
{"ID": 778808640546275328, "Timestamp": "2020-11-19 02:27:29", "Contents": "vc ta ouvindo °", "Attachments": ""},
{"ID": 778808623399829504, "Timestamp": "2020-11-19 02:27:25", "Contents": "nao", "Attachments": ""},
{"ID": 778808596438974514, "Timestamp": "2020-11-19 02:27:18", "Contents": "OiOiOi", "Attachments": ""},
{"ID": 778808559693201456, "Timestamp": "2020-11-19 02:27:10", "Contents": "oiii", "Attachments": ""},
{"ID": 778808443480834048, "Timestamp": "2020-11-19 02:26:42", "Contents": "https://www.youtube.com/watch?v=lcOxhH8N3Bo&ab_channel=bonnietylerVEVO", "Attachments": ""}
]