{"id": "696892247471554633", "username": "dealmeida.30", "discriminator": 0, "global_name": "de Almeida", "email": "thiagocamargo2000@hotmail.com", "verified": true, "avatar_hash": "bdff36c825f3682ab6ecf00ecee21eca", "has_mobile": true, "needs_email_verification": false, "premium_until": null, "phone": null, "temp_banned_until": null, "ip": "179.130.187.95", "flags": ["PREMIUM_PROMO_DISMISSED", "USED_DESKTOP_CLIENT", "USED_WEB_CLIENT", "USED_MOBILE_CLIENT", "HAS_SESSION_STARTED"], "settings": {"settings": {"versions": {"clientVersion": 13, "dataVersion": 68}, "inbox": {}, "userContent": {"dismissedContents": "UdsmxExAMASAQCAAADEABggAAAIAAAAIMQAAAQACAAAAAAAIAAAEQABgAAAAAAAAAAAACBAAAAAAAAAAABAAABYoAAAAAAAI", "premiumTier0ModalDismissedAt": "2023-02-10T02:12:16.918Z", "lastReceivedChangelogId": "1384598663539589200"}, "voiceAndVideo": {"alwaysPreviewVideo": true, "afkTimeout": 600, "streamNotificationsEnabled": true, "nativePhoneIntegrationEnabled": true}, "textAndImages": {"inlineAttachmentMedia": true, "inlineEmbedMedia": true, "gifAutoPlay": true, "renderEmbeds": true, "renderReactions": true, "animateEmoji": true, "animateStickers": 0, "enableTtsCommand": true, "messageDisplayCompact": false, "explicitContentFilter": 1, "viewNsfwGuilds": false, "convertEmoticons": true}, "notifications": {}, "privacy": {"detectPlatformAccounts": true, "passwordless": true, "contactSyncEnabled": true, "friendSourceFlags": 14, "friendDiscoveryFlags": 0, "dropsOptedOut": false}, "debug": {}, "gameLibrary": {"disableGamesTab": false}, "status": {"status": "online", "showCurrentGame": true}, "localization": {"locale": "pt-BR", "timezoneOffset": 180}, "appearance": {"theme": "DARKER"}, "guildFolders": {"folders": [{"guildIds": ["331229015190798336"]}, {"guildIds": ["771081832983822336"]}, {"guildIds": ["913409413778382880"]}, {"guildIds": ["744708717068419234"]}, {"guildIds": ["703847384651792404"]}, {"guildIds": ["822439445512192060"]}], "guildPositions": ["331229015190798336", "771081832983822336", "913409413778382880", "744708717068419234", "703847384651792404", "822439445512192060"]}, "audioContextSettings": {"user": {"712011938527314050": {"volume": 199.52623, "modifiedAt": "1675994810975"}, "235088799074484224": {"modifiedAt": "1675994810975"}, "803061598435803166": {"volume": 199.52623, "modifiedAt": "1675994810975"}, "551219681533362176": {"volume": 199.52623, "modifiedAt": "1675994810975"}, "577307634428936213": {"volume": 170.34708, "modifiedAt": "1675994810975"}, "667949286410944522": {"volume": 14.844337, "modifiedAt": "1699055899414"}, "691714155551522837": {"volume": 199.52623, "modifiedAt": "1675994810975"}, "814669820841689178": {"volume": 127.88123, "modifiedAt": "1675994810975"}, "361190378046750720": {"volume": 144.96437, "modifiedAt": "1675994810975"}}, "stream": {"667949286410944522": {"volume": 184.46292, "modifiedAt": "1675994810976"}, "803061598435803166": {"volume": 5.623413, "modifiedAt": "1675994810976"}}}}, "frecency": {"versions": {"clientVersion": 10, "dataVersion": 8}, "favoriteGifs": {}, "emojiFrecency": {"emojis": {"thumbsup": {"totalUses": 2, "recentUses": ["1631656179973", "1631656179973"], "frecency": 20, "score": 20}, "poop": {"totalUses": 1, "recentUses": ["1631656179973"], "frecency": 10, "score": 10}, "laughing": {"totalUses": 2, "recentUses": ["1631656179973", "1631656179973"], "frecency": 20, "score": 20}, "watermelon": {"totalUses": 1, "recentUses": ["1631656179973"], "frecency": 10, "score": 10}, "100": {"totalUses": 1, "recentUses": ["1631656179973"], "frecency": 10, "score": 10}, "yum": {"totalUses": 1, "recentUses": ["1631656179973"], "frecency": 10, "score": 10}, "weary": {"totalUses": 1, "recentUses": ["1631656179973"], "frecency": 10, "score": 10}, "tired_face": {"totalUses": 1, "recentUses": ["1631656179973"], "frecency": 10, "score": 10}, "fork_and_knife": {"totalUses": 1, "recentUses": ["1631656179973"], "frecency": 10, "score": 10}, "eyes": {"totalUses": 2, "recentUses": ["1631656179973", "1631656179973"], "frecency": 20, "score": 20}}}, "guildAndChannelFrecency": {"guildAndChannels": {"771081832983822336": {"totalUses": 2, "recentUses": ["1754302177320", "1754357684844"], "frecency": -1}, "703847384651792407": {"totalUses": 1, "recentUses": ["1754357681867"], "frecency": -1}, "990435908740317194": {"totalUses": 1, "recentUses": ["1754356938322"], "frecency": -1}, "706649657484378113": {"totalUses": 2, "recentUses": ["1754257656456", "1754302547912"], "frecency": -1}, "822439445512192060": {"totalUses": 1, "recentUses": ["1754302175368"], "frecency": -1}, "771081832983822339": {"totalUses": 2, "recentUses": ["1754302177320", "1754357684844"], "frecency": -1}, "913409413778382880": {"totalUses": 1, "recentUses": ["1754302173371"], "frecency": -1}, "703847384651792404": {"totalUses": 1, "recentUses": ["1754357681867"], "frecency": -1}, "331229015190798336": {"totalUses": 4, "recentUses": ["1754302178207", "1754302178207", "1754357688702", "1754357688702"], "frecency": -1}, "913409414801793031": {"totalUses": 1, "recentUses": ["1754302173371"], "frecency": -1}, "1132772288111059106": {"totalUses": 9, "recentUses": ["1754256423798", "1754301500576", "1754302156823", "1754302182107", "1754356910445", "1754357311046", "1754357588474", "1754357698904", "1754357725989"], "frecency": -1}, "822439446100181063": {"totalUses": 1, "recentUses": ["1754302175368"], "frecency": -1}}}, "emojiReactionFrecency": {"emojis": {"thumbsup": {"totalUses": 2, "recentUses": ["1631656179973", "1631656179973"], "frecency": 20, "score": 20}, "poop": {"totalUses": 1, "recentUses": ["1631656179973"], "frecency": 10, "score": 10}, "laughing": {"totalUses": 2, "recentUses": ["1631656179973", "1631656179973"], "frecency": 20, "score": 20}, "watermelon": {"totalUses": 1, "recentUses": ["1631656179973"], "frecency": 10, "score": 10}, "100": {"totalUses": 1, "recentUses": ["1631656179973"], "frecency": 10, "score": 10}, "yum": {"totalUses": 1, "recentUses": ["1631656179973"], "frecency": 10, "score": 10}, "weary": {"totalUses": 1, "recentUses": ["1631656179973"], "frecency": 10, "score": 10}, "tired_face": {"totalUses": 1, "recentUses": ["1631656179973"], "frecency": 10, "score": 10}, "fork_and_knife": {"totalUses": 1, "recentUses": ["1631656179973"], "frecency": 10, "score": 10}, "eyes": {"totalUses": 2, "recentUses": ["1631656179973", "1631656179973"], "frecency": 20, "score": 20}}}}}, "connections": [], "external_friends_lists": [], "friend_suggestions": [], "user_sessions": [{"id_hash": "b'\\x1a\\xc7\\xf0\\xcd\\xc8\\x9e\\x8f\\x02\\xdc\\xfd\\xaa\\xa3a\\x0c1\\xaam\\xee\\xdbw\\xb3\\x9c~\\xc0\\x996\\xffh7\\x7f\\x80\\xc0'", "user_data": {"version": 1, "creation_time": "2025-08-03T21:22:19.381667+00:00", "expiration_time": "2026-05-10T21:22:19.381667+00:00", "approx_last_used_time": "2025-08-03T21:22:19.381667+00:00", "is_mfa": false, "is_bot": false, "client_info": {"ip": "177.79.104.63", "os": "Android", "platform": "Android Chrome"}, "extra_tokens": null}, "is_soft_deleted": false}, {"id_hash": "b'T\\xe4]\\x9b\\xf3\\xc8\\x0e{\\x01\\xeb&B\\xdf\\x17\\x04\\xe3\\xdan%\\xf9Y\\x03\\xa9\\xb3>\\xaf9e\\xae\\x04z\\xad'", "user_data": {"version": 1, "creation_time": "2025-08-03T21:26:50.628115+00:00", "expiration_time": "2026-05-12T01:21:29.149586+00:00", "approx_last_used_time": "2025-08-05T01:21:29.149586+00:00", "is_mfa": false, "is_bot": false, "client_info": {"ip": "179.130.187.95", "os": "Android", "platform": "Discord Android"}, "extra_tokens": null}, "is_soft_deleted": false}, {"id_hash": "b'\\xd1\\xfd\\xe7\\x87\\x9ewI\\r\\x07Q\\x01<\\xba\\xb6\\xcb\\x03QF>\\xb5\\x08\\x94X\\x14\\xfe\\x07@1$L\\x99\\x84'", "user_data": {"version": 1, "creation_time": "2025-08-04T09:58:08.338451+00:00", "expiration_time": "2026-05-12T01:28:31.260344+00:00", "approx_last_used_time": "2025-08-05T01:28:31.260344+00:00", "is_mfa": false, "is_bot": false, "client_info": {"ip": "179.130.187.95", "os": "Linux", "platform": "Chrome"}, "extra_tokens": null}, "is_soft_deleted": false}], "relationships": [{"id": "83231748283957248", "type": "FRIEND", "nickname": null, "user_ignored": false, "user": {"id": "83231748283957248", "username": "miguelmengardo", "global_name": "MiguelMengardo", "avatar": "fce6d0162cc22715681d48d386da701e", "avatar_decoration_data": null, "collectibles": null, "discriminator": "0", "display_name_styles": null, "public_flags": 256, "primary_guild": null, "clan": null}, "is_spam_request": false}, {"id": "286508316786556928", "type": "FRIEND", "nickname": null, "user_ignored": false, "user": {"id": "286508316786556928", "username": "lelandrinho", "global_name": "Leandro", "avatar": "2f1fc6b967493f9736e680b4fc855803", "avatar_decoration_data": null, "collectibles": null, "discriminator": "0", "display_name_styles": null, "public_flags": 0, "primary_guild": null, "clan": null}, "is_spam_request": false}, {"id": "368097435702132737", "type": "FRIEND", "nickname": null, "user_ignored": false, "user": {"id": "368097435702132737", "username": "franciine117", "global_name": "Franciine", "avatar": "574bc3671accd6a995ebf056ba8d8db0", "avatar_decoration_data": null, "collectibles": null, "discriminator": "0", "display_name_styles": null, "public_flags": 0, "primary_guild": null, "clan": null}, "is_spam_request": false}, {"id": "403748396638142465", "type": "FRIEND", "nickname": null, "user_ignored": false, "user": {"id": "403748396638142465", "username": "ana.07", "global_name": "Ana", "avatar": "160fbd8f4154a07841001ba4e4655308", "avatar_decoration_data": {"asset": "a_2a1b840bb86581cea41005faa75355a3", "sku_id": "1386849676875141292", "expires_at": null}, "collectibles": null, "discriminator": "0", "display_name_styles": null, "public_flags": 128, "primary_guild": {"identity_guild_id": "1266036094554603694", "identity_enabled": true, "tag": "ZFNY", "badge": "8e228078dc56d4ad8bdccb696d4e90be"}, "clan": {"identity_guild_id": "1266036094554603694", "identity_enabled": true, "tag": "ZFNY", "badge": "8e228078dc56d4ad8bdccb696d4e90be"}}, "is_spam_request": false}, {"id": "524363367981514752", "type": "FRIEND", "nickname": null, "user_ignored": false, "user": {"id": "524363367981514752", "username": "mateusmends0247", "global_name": "mateusmends", "avatar": null, "avatar_decoration_data": null, "collectibles": null, "discriminator": "0", "display_name_styles": null, "public_flags": 0, "primary_guild": null, "clan": null}, "is_spam_request": false}, {"id": "595783293266296832", "type": "FRIEND", "nickname": null, "user_ignored": false, "user": {"id": "595783293266296832", "username": "katia8982", "global_name": "Katia", "avatar": "5310413c5cd97aff9e8e682301d1aa1e", "avatar_decoration_data": null, "collectibles": null, "discriminator": "0", "display_name_styles": null, "public_flags": 0, "primary_guild": null, "clan": null}, "is_spam_request": false}, {"id": "656172845486964756", "type": "FRIEND", "nickname": null, "user_ignored": false, "user": {"id": "656172845486964756", "username": "pauloantuns", "global_name": null, "avatar": "192cdfb1209cbc10095fa015c1bc5dd1", "avatar_decoration_data": null, "collectibles": null, "discriminator": "0", "display_name_styles": null, "public_flags": 0, "primary_guild": null, "clan": null}, "is_spam_request": false}, {"id": "666362773613183036", "type": "FRIEND", "nickname": null, "user_ignored": false, "user": {"id": "666362773613183036", "username": "liliane1968", "global_name": "Liliane", "avatar": "64492d20a778ccf433efc5e1186cc946", "avatar_decoration_data": null, "collectibles": null, "discriminator": "0", "display_name_styles": null, "public_flags": 0, "primary_guild": null, "clan": null}, "is_spam_request": false}, {"id": "667949286410944522", "type": "FRIEND", "nickname": null, "user_ignored": false, "user": {"id": "667949286410944522", "username": "birubiru19", "global_name": null, "avatar": "91e10bad37d6cebaa2d0f2077aa1308b", "avatar_decoration_data": null, "collectibles": null, "discriminator": "0", "display_name_styles": null, "public_flags": 0, "primary_guild": null, "clan": null}, "is_spam_request": false}, {"id": "691714155551522837", "type": "FRIEND", "nickname": null, "user_ignored": false, "user": {"id": "691714155551522837", "username": "gabrielsaomartinho", "global_name": null, "avatar": null, "avatar_decoration_data": null, "collectibles": null, "discriminator": "0", "display_name_styles": null, "public_flags": 0, "primary_guild": null, "clan": null}, "is_spam_request": false}, {"id": "694703280584130634", "type": "FRIEND", "nickname": null, "user_ignored": false, "user": {"id": "694703280584130634", "username": "pedro_7712", "global_name": "Pedro_", "avatar": "77b84c4ca488071df9eb277c9b548e37", "avatar_decoration_data": null, "collectibles": null, "discriminator": "0", "display_name_styles": null, "public_flags": 0, "primary_guild": null, "clan": null}, "is_spam_request": false}, {"id": "697220157885382677", "type": "FRIEND", "nickname": null, "user_ignored": false, "user": {"id": "697220157885382677", "username": "danielarocha0338", "global_name": "daniela rocha", "avatar": "a1b2369dc77430b14662f4bb8486ccb8", "avatar_decoration_data": null, "collectibles": null, "discriminator": "0", "display_name_styles": null, "public_flags": 0, "primary_guild": null, "clan": null}, "is_spam_request": false}, {"id": "712011938527314050", "type": "FRIEND", "nickname": null, "user_ignored": false, "user": {"id": "712011938527314050", "username": "estevao1465", "global_name": "estevao", "avatar": null, "avatar_decoration_data": null, "collectibles": null, "discriminator": "0", "display_name_styles": null, "public_flags": 0, "primary_guild": null, "clan": null}, "is_spam_request": false}, {"id": "725481256967471185", "type": "FRIEND", "nickname": null, "user_ignored": false, "user": {"id": "725481256967471185", "username": "miwton5364", "global_name": "Miwton", "avatar": null, "avatar_decoration_data": null, "collectibles": null, "discriminator": "0", "display_name_styles": null, "public_flags": 0, "primary_guild": null, "clan": null}, "is_spam_request": false}, {"id": "771191557558763552", "type": "FRIEND", "nickname": null, "user_ignored": false, "user": {"id": "771191557558763552", "username": "juliano3434", "global_name": "Juliano", "avatar": "98a2a4f645c98de4b85491bb8800eaf1", "avatar_decoration_data": null, "collectibles": null, "discriminator": "0", "display_name_styles": null, "public_flags": 0, "primary_guild": null, "clan": null}, "is_spam_request": false}, {"id": "776616729555763261", "type": "FRIEND", "nickname": null, "user_ignored": false, "user": {"id": "776616729555763261", "username": "alinepedroni_8011", "global_name": "alinepedroni_", "avatar": "70db1ead22105d11c70fad1ecc83d3cc", "avatar_decoration_data": null, "collectibles": null, "discriminator": "0", "display_name_styles": null, "public_flags": 0, "primary_guild": null, "clan": null}, "is_spam_request": false}, {"id": "788919331601252362", "type": "FRIEND", "nickname": null, "user_ignored": false, "user": {"id": "788919331601252362", "username": "estevao3660", "global_name": "estev\u00e3o", "avatar": null, "avatar_decoration_data": null, "collectibles": null, "discriminator": "0", "display_name_styles": null, "public_flags": 0, "primary_guild": null, "clan": null}, "is_spam_request": false}, {"id": "814669820841689178", "type": "FRIEND", "nickname": null, "user_ignored": false, "user": {"id": "814669820841689178", "username": "palombra2", "global_name": "Paloma Silva", "avatar": "4bc265d6ca91ca669240d5b260900d8f", "avatar_decoration_data": null, "collectibles": null, "discriminator": "0", "display_name_styles": null, "public_flags": 0, "primary_guild": null, "clan": null}, "is_spam_request": false}, {"id": "901876231425916949", "type": "FRIEND", "nickname": null, "user_ignored": false, "user": {"id": "901876231425916949", "username": "victorcaceres8708", "global_name": "Victor Caceres", "avatar": null, "avatar_decoration_data": null, "collectibles": null, "discriminator": "0", "display_name_styles": null, "public_flags": 0, "primary_guild": null, "clan": null}, "is_spam_request": false}, {"id": "902793587798999080", "type": "FRIEND", "nickname": null, "user_ignored": false, "user": {"id": "902793587798999080", "username": "bru_lb", "global_name": "Bru", "avatar": "318ab9ddbe5a28462354941a1c5607b9", "avatar_decoration_data": null, "collectibles": null, "discriminator": "0", "display_name_styles": null, "public_flags": 0, "primary_guild": null, "clan": null}, "is_spam_request": false}], "payments": [], "payment_sources": [], "guild_settings": [{"guild_id": "771081832983822336", "suppress_everyone": false, "suppress_roles": false, "mute_scheduled_events": false, "message_notifications": 0, "flags": 0, "mobile_push": true, "muted": false, "mute_config": null, "hide_muted_channels": false, "channel_overrides": [{"channel_id": "771081832983822338", "message_notifications": 3, "muted": false, "mute_config": null, "collapsed": true}, {"channel_id": "911348453953654865", "message_notifications": 3, "muted": false, "mute_config": null, "collapsed": true}], "notify_highlights": 0, "version": 5}, {"guild_id": "913409413778382880", "suppress_everyone": false, "suppress_roles": false, "mute_scheduled_events": false, "message_notifications": 1, "flags": 0, "mobile_push": true, "muted": false, "mute_config": null, "hide_muted_channels": false, "channel_overrides": [{"channel_id": "913409414680170504", "message_notifications": 3, "muted": false, "mute_config": null, "collapsed": true}, {"channel_id": "913409414801793029", "message_notifications": 3, "muted": false, "mute_config": null, "collapsed": true}], "notify_highlights": 0, "version": 7}], "library_applications": [], "entitlements": [], "user_activity_application_statistics": [{"application_id": "356875057940791296", "last_played_at": "2020-10-08T03:01:53.140000+00:00", "first_played_at": null, "total_duration": 33409, "total_discord_sku_duration": 0}, {"application_id": "356875570916753438", "last_played_at": "2023-07-23T22:22:39.222000+00:00", "first_played_at": null, "total_duration": 52047, "total_discord_sku_duration": 0}, {"application_id": "359509007423242240", "last_played_at": "2020-09-11T03:55:17.778000+00:00", "first_played_at": null, "total_duration": 8999, "total_discord_sku_duration": 0}, {"application_id": "406645450863804416", "last_played_at": "2021-05-26T14:33:59.850000+00:00", "first_played_at": null, "total_duration": 281, "total_discord_sku_duration": 0}, {"application_id": "406646387875250186", "last_played_at": "2023-07-26T00:56:45.903000+00:00", "first_played_at": null, "total_duration": 6542, "total_discord_sku_duration": 0}, {"application_id": "464823241098395674", "last_played_at": "2023-11-05T14:57:42.057000+00:00", "first_played_at": null, "total_duration": 1171, "total_discord_sku_duration": 0}, {"application_id": "477175586805252107", "last_played_at": "2021-09-10T03:18:53.355000+00:00", "first_played_at": null, "total_duration": 129821, "total_discord_sku_duration": 0}, {"application_id": "491909189086740480", "last_played_at": "2021-12-07T16:13:14.496000+00:00", "first_played_at": null, "total_duration": 19296, "total_discord_sku_duration": 0}], "notes": {}, "user_profile_metadata": {"user_id": "696892247471554633", "boosting_started_at": null, "premium_started_at": null, "legacy_username": "dealmeida.30#0589"}, "application_user_role_connections": [], "lobby_members": [], "current_orbs_balance": 0, "orbs_transactions": []}