[
{"ID": 887483203705765889, "Timestamp": "2021-09-14 23:41:24", "Contents": "", "Attachments": ""},
{"ID": 887482958259298337, "Timestamp": "2021-09-14 23:40:25", "Contents": "to on", "Attachments": ""},
{"ID": 771101846042443797, "Timestamp": "2020-10-28 20:03:26", "Contents": "https://discord.gg/xRUJ7b", "Attachments": ""},
{"ID": 767708976472915998, "Timestamp": "2020-10-19 11:21:23", "Contents": "", "Attachments": ""},
{"ID": 763180438151364678, "Timestamp": "2020-10-06 23:26:35", "Contents": "https://discord.gg/rzpQHq", "Attachments": ""},
{"ID": 749087343461400577, "Timestamp": "2020-08-29 02:05:40", "Contents": "https://www.smartm.com/index.asp", "Attachments": ""},
{"ID": 749058883326181467, "Timestamp": "2020-08-29 00:12:34", "Contents": "", "Attachments": ""},
{"ID": 696901483991531551, "Timestamp": "2020-04-07 01:57:41", "Contents": "d vc", "Attachments": ""},
{"ID": 696901468636184617, "Timestamp": "2020-04-07 01:57:37", "Contents": "saudade", "Attachments": ""},
{"ID": 696901439162941490, "Timestamp": "2020-04-07 01:57:30", "Contents": "louco", "Attachments": ""},
{"ID": 696901421131628584, "Timestamp": "2020-04-07 01:57:26", "Contents": "lsd", "Attachments": ""}
]